{
    "name": "root",
    "gauges": {
        "AutoBalancerAgent.Policy.Entropy.mean": {
            "value": 1.4189385175704956,
            "min": 1.4189385175704956,
            "max": 1.4189385175704956,
            "count": 1
        },
        "AutoBalancerAgent.Policy.Entropy.sum": {
            "value": 847.1063232421875,
            "min": 847.1063232421875,
            "max": 847.1063232421875,
            "count": 1
        },
        "AutoBalancerAgent.Environment.EpisodeLength.mean": {
            "value": 0.0,
            "min": 0.0,
            "max": 0.0,
            "count": 1
        },
        "AutoBalancerAgent.Environment.EpisodeLength.sum": {
            "value": 0.0,
            "min": 0.0,
            "max": 0.0,
            "count": 1
        },
        "AutoBalancerAgent.wall_penalties.mean": {
            "value": 1.0,
            "min": 1.0,
            "max": 1.0,
            "count": 1
        },
        "AutoBalancerAgent.wall_penalties.sum": {
            "value": 211258.0,
            "min": 211258.0,
            "max": 211258.0,
            "count": 1
        },
        "AutoBalancerAgent.falls.mean": {
            "value": 1.0,
            "min": 1.0,
            "max": 1.0,
            "count": 1
        },
        "AutoBalancerAgent.falls.sum": {
            "value": 10708.0,
            "min": 10708.0,
            "max": 10708.0,
            "count": 1
        },
        "AutoBalancerAgent.match_length_seconds.mean": {
            "value": 5.619933085225934,
            "min": 5.619933085225934,
            "max": 5.619933085225934,
            "count": 1
        },
        "AutoBalancerAgent.match_length_seconds.sum": {
            "value": 50326.50077819824,
            "min": 50326.50077819824,
            "max": 50326.50077819824,
            "count": 1
        },
        "AutoBalancerAgent.win_count.P1.mean": {
            "value": 3385.925161939501,
            "min": 3385.925161939501,
            "max": 3385.925161939501,
            "count": 1
        },
        "AutoBalancerAgent.win_count.P1.sum": {
            "value": 53839596.0,
            "min": 53839596.0,
            "max": 53839596.0,
            "count": 1
        },
        "AutoBalancerAgent.loss_count.P2.mean": {
            "value": 1.0,
            "min": 1.0,
            "max": 1.0,
            "count": 1
        },
        "AutoBalancerAgent.loss_count.P2.sum": {
            "value": 6946.0,
            "min": 6946.0,
            "max": 6946.0,
            "count": 1
        },
        "AutoBalancerAgent.win_rate.P1.mean": {
            "value": 0.673601420277793,
            "min": 0.673601420277793,
            "max": 0.673601420277793,
            "count": 1
        },
        "AutoBalancerAgent.win_rate.P1.sum": {
            "value": 6032.100718587637,
            "min": 6032.100718587637,
            "max": 6032.100718587637,
            "count": 1
        },
        "AutoBalancerAgent.win_rate.P2.mean": {
            "value": 0.3263985800816319,
            "min": 0.3263985800816319,
            "max": 0.3263985800816319,
            "count": 1
        },
        "AutoBalancerAgent.win_rate.P2.sum": {
            "value": 2922.899284631014,
            "min": 2922.899284631014,
            "max": 2922.899284631014,
            "count": 1
        },
        "AutoBalancerAgent.win_count.P2.mean": {
            "value": 1131.6006931776724,
            "min": 1131.6006931776724,
            "max": 1131.6006931776724,
            "count": 1
        },
        "AutoBalancerAgent.win_count.P2.sum": {
            "value": 12406870.0,
            "min": 12406870.0,
            "max": 12406870.0,
            "count": 1
        },
        "AutoBalancerAgent.matches.total.mean": {
            "value": 4478.0,
            "min": 4478.0,
            "max": 4478.0,
            "count": 1
        },
        "AutoBalancerAgent.matches.total.sum": {
            "value": 40100490.0,
            "min": 40100490.0,
            "max": 40100490.0,
            "count": 1
        },
        "AutoBalancerAgent.loss_count.P1.mean": {
            "value": 1.0,
            "min": 1.0,
            "max": 1.0,
            "count": 1
        },
        "AutoBalancerAgent.loss_count.P1.sum": {
            "value": 2009.0,
            "min": 2009.0,
            "max": 2009.0,
            "count": 1
        },
        "AutoBalancerAgent.episode_length.mean": {
            "value": 42.98816568047337,
            "min": 42.98816568047337,
            "max": 42.98816568047337,
            "count": 1
        },
        "AutoBalancerAgent.episode_length.sum": {
            "value": 116240.0,
            "min": 116240.0,
            "max": 116240.0,
            "count": 1
        },
        "AutoBalancerAgent.episode_reward.mean": {
            "value": -2.298585065128006,
            "min": -2.298585065128006,
            "max": -2.298585065128006,
            "count": 1
        },
        "AutoBalancerAgent.episode_reward.sum": {
            "value": -6215.374016106129,
            "min": -6215.374016106129,
            "max": -6215.374016106129,
            "count": 1
        },
        "AutoBalancerAgent.losses.mean": {
            "value": 1.0,
            "min": 1.0,
            "max": 1.0,
            "count": 1
        },
        "AutoBalancerAgent.losses.sum": {
            "value": 2075.0,
            "min": 2075.0,
            "max": 2075.0,
            "count": 1
        },
        "AutoBalancerAgent.episode_env_steps.mean": {
            "value": 42.98816568047337,
            "min": 42.98816568047337,
            "max": 42.98816568047337,
            "count": 1
        },
        "AutoBalancerAgent.episode_env_steps.sum": {
            "value": 116240.0,
            "min": 116240.0,
            "max": 116240.0,
            "count": 1
        },
        "AutoBalancerAgent.episode_seconds.mean": {
            "value": 0.8611942776561489,
            "min": 0.8611942776561489,
            "max": 0.8611942776561489,
            "count": 1
        },
        "AutoBalancerAgent.episode_seconds.sum": {
            "value": 2328.6693267822266,
            "min": 2328.6693267822266,
            "max": 2328.6693267822266,
            "count": 1
        },
        "AutoBalancerAgent.Step.mean": {
            "value": 13999.0,
            "min": 13999.0,
            "max": 13999.0,
            "count": 1
        },
        "AutoBalancerAgent.Step.sum": {
            "value": 13999.0,
            "min": 13999.0,
            "max": 13999.0,
            "count": 1
        },
        "AutoBalancerAgent.Policy.ExtrinsicValueEstimate.mean": {
            "value": 0.003113567130640149,
            "min": 0.003113567130640149,
            "max": 0.003113567130640149,
            "count": 1
        },
        "AutoBalancerAgent.Policy.ExtrinsicValueEstimate.sum": {
            "value": 1.8556859493255615,
            "min": 1.8556859493255615,
            "max": 1.8556859493255615,
            "count": 1
        },
        "AutoBalancerAgent.Environment.CumulativeReward.mean": {
            "value": 0.019348980133865504,
            "min": 0.019348980133865504,
            "max": 0.019348980133865504,
            "count": 1
        },
        "AutoBalancerAgent.Environment.CumulativeReward.sum": {
            "value": 11.53199215978384,
            "min": 11.53199215978384,
            "max": 11.53199215978384,
            "count": 1
        },
        "AutoBalancerAgent.Policy.ExtrinsicReward.mean": {
            "value": 0.019348980133865504,
            "min": 0.019348980133865504,
            "max": 0.019348980133865504,
            "count": 1
        },
        "AutoBalancerAgent.Policy.ExtrinsicReward.sum": {
            "value": 11.53199215978384,
            "min": 11.53199215978384,
            "max": 11.53199215978384,
            "count": 1
        },
        "AutoBalancerAgent.wins.mean": {
            "value": 1.0,
            "min": 1.0,
            "max": 1.0,