{
    "name": "root",
    "gauges": {
        "FighterBehavior.Policy.Entropy.mean": {
            "value": 3.473846673965454,
            "min": 3.4006965160369873,
            "max": 3.5640439987182617,
            "count": 102
        },
        "FighterBehavior.Policy.Entropy.sum": {
            "value": 34766.2578125,
            "min": 34136.9453125,
            "max": 35851.3828125,
            "count": 102
        },
        "FighterBehavior.wall_penalties.mean": {
            "value": 1.0,
            "min": 1.0,
            "max": 1.0,
            "count": 102
        },
        "FighterBehavior.wall_penalties.sum": {
            "value": 1322.0,
            "min": 1301.0,
            "max": 1530.0,
            "count": 102
        },
        "FighterBehavior.Step.mean": {
            "value": 1019948.0,
            "min": 9952.0,
            "max": 1019948.0,
            "count": 102
        },
        "FighterBehavior.Step.sum": {
            "value": 1019948.0,
            "min": 9952.0,
            "max": 1019948.0,
            "count": 102
        },
        "FighterBehavior.Policy.ExtrinsicValueEstimate.mean": {
            "value": -0.49334216117858887,
            "min": -0.6126606464385986,
            "max": -0.09471867233514786,
            "count": 102
        },
        "FighterBehavior.Policy.ExtrinsicValueEstimate.sum": {
            "value": -113.9620361328125,
            "min": -145.2596435546875,
            "max": -16.102174758911133,
            "count": 102
        },
        "FighterBehavior.Environment.EpisodeLength.mean": {
            "value": 68.98601398601399,
            "min": 68.98601398601399,
            "max": 442.3076923076923,
            "count": 102
        },
        "FighterBehavior.Environment.EpisodeLength.sum": {
            "value": 9865.0,
            "min": 7748.0,
            "max": 11500.0,
            "count": 102
        },
        "FighterBehavior.falls.mean": {
            "value": 1.0,
            "min": 1.0,
            "max": 1.0,
            "count": 102
        },
        "FighterBehavior.falls.sum": {
            "value": 37.0,
            "min": 7.0,
            "max": 40.0,
            "count": 102
        },
        "FighterBehavior.match_length_seconds.mean": {
            "value": 9.735179227941176,
            "min": 9.735179227941176,
            "max": 74.7788798014323,
            "count": 102
        },
        "FighterBehavior.match_length_seconds.sum": {
            "value": 330.99609375,
            "min": 296.99999809265137,
            "max": 448.67327880859375,
            "count": 102
        },
        "FighterBehavior.win_count.P1.mean": {
            "value": 1593.1636363636364,
            "min": 2.4545454545454546,
            "max": 1593.1636363636364,
            "count": 102
        },
        "FighterBehavior.win_count.P1.sum": {
            "value": 87624.0,
            "min": 27.0,
            "max": 87624.0,
            "count": 102
        },
        "FighterBehavior.loss_count.P2.mean": {
            "value": 1.0,
            "min": 1.0,
            "max": 1.0,
            "count": 102
        },
        "FighterBehavior.loss_count.P2.sum": {
            "value": 21.0,
            "min": 4.0,
            "max": 24.0,
            "count": 102
        },
        "FighterBehavior.win_rate.P1.mean": {
            "value": 0.6642754691488603,
            "min": 0.6164950927098592,
            "max": 0.6948939561843872,
            "count": 102
        },
        "FighterBehavior.win_rate.P1.sum": {
            "value": 22.58536595106125,
            "min": 3.6989705562591553,
            "max": 22.851490020751953,
            "count": 102
        },
        "FighterBehavior.win_rate.P2.mean": {
            "value": 0.33572452909806194,
            "min": 0.3051060485212426,
            "max": 0.3835049271583557,
            "count": 102
        },
        "FighterBehavior.win_rate.P2.sum": {
            "value": 11.414633989334106,
            "min": 2.2886835038661957,
            "max": 11.414633989334106,
            "count": 102
        },
        "FighterBehavior.win_count.P2.mean": {
            "value": 805.4468085106383,
            "min": 1.7,
            "max": 805.4468085106383,
            "count": 102
        },
        "FighterBehavior.win_count.P2.sum": {
            "value": 37856.0,
            "min": 17.0,
            "max": 37856.0,
            "count": 102
        },
        "FighterBehavior.matches.total.mean": {
            "value": 2398.5,
            "min": 4.0,
            "max": 2398.5,
            "count": 102
        },
        "FighterBehavior.matches.total.sum": {
            "value": 81549.0,
            "min": 28.0,
            "max": 81549.0,
            "count": 102
        },
        "FighterBehavior.Environment.CumulativeReward.mean": {
            "value": -0.5694547676338026,
            "min": -1.8837785575037391,
            "max": -0.54911116147764,
            "count": 102
        },
        "FighterBehavior.Environment.CumulativeReward.sum": {
            "value": -81.43203177163377,
            "min": -90.70688762306236,
            "max": -35.585956597700715,
            "count": 102
        },
        "FighterBehavior.Policy.ExtrinsicReward.mean": {
            "value": -0.5694547676338026,
            "min": -1.8837785575037391,
            "max": -0.54911116147764,
            "count": 102
        },
        "FighterBehavior.Policy.ExtrinsicReward.sum": {
            "value": -81.43203177163377,
            "min": -90.70688762306236,
            "max": -35.585956597700715,
            "count": 102
        },
        "FighterBehavior.loss_count.P1.mean": {
            "value": 1.0,
            "min": 1.0,
            "max": 1.0,
            "count": 102
        },
        "FighterBehavior.loss_count.P1.sum": {
            "value": 13.0,
            "min": 2.0,
            "max": 14.0,
            "count": 102
        },
        "FighterBehavior.IsTraining.mean": {
            "value": 1.0,
            "min": 1.0,
            "max": 1.0,
            "count": 102
        },
        "FighterBehavior.IsTraining.sum": {
            "value": 1.0,
            "min": 1.0,
            "max": 1.0,
            "count": 102
        },
        "FighterBehavior.Losses.PolicyLoss.mean": {
            "value": 0.05452234103965262,
            "min": 0.04031464845368949,
            "max": 0.055114257314320035,
            "count": 99
        },
        "FighterBehavior.Losses.PolicyLoss.sum": {
            "value": 0.05452234103965262,
            "min": 0.04031464845368949,
            "max": 0.055114257314320035,
            "count": 99
        },
        "FighterBehavior.Losses.ValueLoss.mean": {
            "value": 0.22654319206873577,
            "min": 0.046282179017240806,
            "max": 0.22901164616147676,
            "count": 99
        },
        "FighterBehavior.Losses.ValueLoss.sum": {
            "value": 0.22654319206873577,
            "min": 0.046282179017240806,
            "max": 0.22901164616147676,
            "count": 99
        },
        "FighterBehavior.Policy.LearningRate.mean": {
            "value": 0.000252958631065077,
            "min": 0.000252958631065077,
            "max": 0.00029952295400516917,
            "count": 99
        },
        "FighterBehavior.Policy.LearningRate.sum": {
            "value": 0.000252958631065077,
            "min": 0.000252958631065077,
            "max": 0.00029952295400516917,
            "count": 99
        },
        "FighterBehavior.Policy.Epsilon.mean": {
            "value": 0.18431953846153842,
            "min": 0.18431953846153842,
            "max": 0.19984098461538466,
            "count": 99
        },
        "FighterBehavior.Policy.Epsilon.sum": {
            "value": 0.18431953846153842,
            "min": 0.18431953846153842,
            "max": 0.19984098461538466,
            "count": 99
        },