{
    "name": "root",
    "gauges": {
        "FighterBehavior.Policy.Entropy.mean": {
            "value": 3.4729201793670654,
            "min": 3.4729201793670654,
            "max": 3.5114328861236572,
            "count": 17
        },
        "FighterBehavior.Policy.Entropy.sum": {
            "value": 34958.4140625,
            "min": 34620.3515625,
            "max": 35318.7890625,
            "count": 17
        },
        "FighterBehavior.wall_penalties.mean": {
            "value": 1.0,
            "min": 1.0,
            "max": 1.0,
            "count": 17
        },
        "FighterBehavior.wall_penalties.sum": {
            "value": 1504.0,
            "min": 1476.0,
            "max": 1515.0,
            "count": 17
        },
        "FighterBehavior.Step.mean": {
            "value": 169978.0,
            "min": 9968.0,
            "max": 169978.0,
            "count": 17
        },
        "FighterBehavior.Step.sum": {
            "value": 169978.0,
            "min": 9968.0,
            "max": 169978.0,
            "count": 17
        },
        "FighterBehavior.Policy.ExtrinsicValueEstimate.mean": {
            "value": -0.4960671365261078,
            "min": -0.5303592085838318,
            "max": -0.250543475151062,
            "count": 17
        },
        "FighterBehavior.Policy.ExtrinsicValueEstimate.sum": {
            "value": -116.0797119140625,
            "min": -126.2254867553711,
            "max": -44.09564971923828,
            "count": 17
        },
        "FighterBehavior.Environment.EpisodeLength.mean": {
            "value": 70.39007092198581,
            "min": 67.1891891891892,
            "max": 265.22222222222223,
            "count": 17
        },
        "FighterBehavior.Environment.EpisodeLength.sum": {
            "value": 9925.0,
            "min": 9422.0,
            "max": 10266.0,
            "count": 17
        },
        "FighterBehavior.falls.mean": {
            "value": 1.0,
            "min": 1.0,
            "max": 1.0,
            "count": 17
        },
        "FighterBehavior.falls.sum": {
            "value": 36.0,
            "min": 9.0,
            "max": 39.0,
            "count": 17
        },
        "FighterBehavior.match_length_seconds.mean": {
            "value": 9.504757254464286,
            "min": 8.963959565033784,
            "max": 40.59259541829427,
            "count": 17
        },
        "FighterBehavior.match_length_seconds.sum": {
            "value": 332.66650390625,
            "min": 331.66650390625,
            "max": 386.6666564941406,
            "count": 17
        },
        "FighterBehavior.win_count.P1.mean": {
            "value": 155.6078431372549,
            "min": 3.3333333333333335,
            "max": 155.6078431372549,
            "count": 17
        },
        "FighterBehavior.win_count.P1.sum": {
            "value": 7936.0,
            "min": 50.0,
            "max": 7936.0,
            "count": 17
        },
        "FighterBehavior.loss_count.P2.mean": {
            "value": 1.0,
            "min": 1.0,
            "max": 1.0,
            "count": 17
        },
        "FighterBehavior.loss_count.P2.sum": {
            "value": 16.0,
            "min": 4.0,
            "max": 17.0,
            "count": 17
        },
        "FighterBehavior.win_rate.P1.mean": {
            "value": 0.3730124507631574,
            "min": 0.36509534077984945,
            "max": 0.6367724968327416,
            "count": 17
        },
        "FighterBehavior.win_rate.P1.sum": {
            "value": 13.05543577671051,
            "min": 5.730952471494675,
            "max": 13.9479438662529,
            "count": 17
        },
        "FighterBehavior.win_rate.P2.mean": {
            "value": 0.6269875492368425,
            "min": 0.36322751972410416,
            "max": 0.6349046592201505,
            "count": 17
        },
        "FighterBehavior.win_rate.P2.sum": {
            "value": 21.94456422328949,
            "min": 3.2690476775169373,
            "max": 23.05205601453781,
            "count": 17
        },
        "FighterBehavior.win_count.P2.mean": {
            "value": 260.51851851851853,
            "min": 1.8333333333333333,
            "max": 260.51851851851853,
            "count": 17
        },
        "FighterBehavior.win_count.P2.sum": {
            "value": 14068.0,
            "min": 22.0,
            "max": 14936.0,
            "count": 17
        },
        "FighterBehavior.matches.total.mean": {
            "value": 416.0,
            "min": 5.0,
            "max": 416.0,
            "count": 17
        },
        "FighterBehavior.matches.total.sum": {
            "value": 14560.0,
            "min": 45.0,
            "max": 14560.0,
            "count": 17
        },
        "FighterBehavior.Environment.CumulativeReward.mean": {
            "value": -0.6483502831842218,
            "min": -1.2804873971553106,
            "max": -0.6024960933798025,
            "count": 17
        },
        "FighterBehavior.Environment.CumulativeReward.sum": {
            "value": -90.76903964579105,
            "min": -101.14848021883518,
            "max": -46.09754629759118,
            "count": 17
        },
        "FighterBehavior.Policy.ExtrinsicReward.mean": {
            "value": -0.6483502831842218,
            "min": -1.2804873971553106,
            "max": -0.6024960933798025,
            "count": 17
        },
        "FighterBehavior.Policy.ExtrinsicReward.sum": {
            "value": -90.76903964579105,
            "min": -101.14848021883518,
            "max": -46.09754629759118,
            "count": 17
        },
        "FighterBehavior.loss_count.P1.mean": {
            "value": 1.0,
            "min": 1.0,
            "max": 1.0,
            "count": 17
        },
        "FighterBehavior.loss_count.P1.sum": {
            "value": 19.0,
            "min": 3.0,
            "max": 26.0,
            "count": 17
        },
        "FighterBehavior.IsTraining.mean": {
            "value": 1.0,
            "min": 1.0,
            "max": 1.0,
            "count": 17
        },
        "FighterBehavior.IsTraining.sum": {
            "value": 1.0,
            "min": 1.0,
            "max": 1.0,
            "count": 17
        },
        "FighterBehavior.Losses.PolicyLoss.mean": {
            "value": 0.04997857902781107,
            "min": 0.04486462537218661,
            "max": 0.056479645034414716,
            "count": 16
        },
        "FighterBehavior.Losses.PolicyLoss.sum": {
            "value": 0.04997857902781107,
            "min": 0.04486462537218661,
            "max": 0.056479645034414716,
            "count": 16
        },
        "FighterBehavior.Losses.ValueLoss.mean": {
            "value": 0.23281611775358518,
            "min": 0.08130290689878165,
            "max": 0.24974129063387712,
            "count": 16
        },
        "FighterBehavior.Losses.ValueLoss.sum": {
            "value": 0.23281611775358518,
            "min": 0.08130290689878165,
            "max": 0.24974129063387712,
            "count": 16
        },
        "FighterBehavior.Policy.LearningRate.mean": {
            "value": 0.00029239071022873857,
            "min": 0.00029239071022873857,
            "max": 0.0002995233232358153,
            "count": 16
        },
        "FighterBehavior.Policy.LearningRate.sum": {
            "value": 0.00029239071022873857,
            "min": 0.00029239071022873857,
            "max": 0.0002995233232358153,
            "count": 16
        },
        "FighterBehavior.Policy.Epsilon.mean": {
            "value": 0.1974635692307692,
            "min": 0.1974635692307692,
            "max": 0.1998411076923077,
            "count": 16
        },
        "FighterBehavior.Policy.Epsilon.sum": {
            "value": 0.1974635692307692,
            "min": 0.1974635692307692,
            "max": 0.1998411076923077,
            "count": 16
        },