{
    "name": "root",
    "gauges": {
        "FighterBehavior.Policy.Entropy.mean": {
            "value": 3.4795377254486084,
            "min": 3.3873932361602783,
            "max": 3.51894211769104,
            "count": 50
        },
        "FighterBehavior.Policy.Entropy.sum": {
            "value": 34892.8046875,
            "min": 33766.68359375,
            "max": 35368.33984375,
            "count": 50
        },
        "FighterBehavior.wall_penalties.mean": {
            "value": 1.0,
            "min": 1.0,
            "max": 1.0,
            "count": 50
        },
        "FighterBehavior.wall_penalties.sum": {
            "value": 1480.0,
            "min": 1468.0,
            "max": 1521.0,
            "count": 50
        },
        "FighterBehavior.Step.mean": {
            "value": 499968.0,
            "min": 9966.0,
            "max": 499968.0,
            "count": 50
        },
        "FighterBehavior.Step.sum": {
            "value": 499968.0,
            "min": 9966.0,
            "max": 499968.0,
            "count": 50
        },
        "FighterBehavior.Policy.ExtrinsicValueEstimate.mean": {
            "value": -0.5943803787231445,
            "min": -0.7379164099693298,
            "max": -0.3803349733352661,
            "count": 50
        },
        "FighterBehavior.Policy.ExtrinsicValueEstimate.sum": {
            "value": -151.56700134277344,
            "min": -194.072021484375,
            "max": -76.0669937133789,
            "count": 50
        },
        "FighterBehavior.Environment.EpisodeLength.mean": {
            "value": 58.2814371257485,
            "min": 51.423280423280424,
            "max": 193.69230769230768,
            "count": 50
        },
        "FighterBehavior.Environment.EpisodeLength.sum": {
            "value": 9733.0,
            "min": 9484.0,
            "max": 10482.0,
            "count": 50
        },
        "FighterBehavior.falls.mean": {
            "value": 1.0,
            "min": 1.0,
            "max": 1.0,
            "count": 50
        },
        "FighterBehavior.falls.sum": {
            "value": 50.0,
            "min": 14.0,
            "max": 54.0,
            "count": 50
        },
        "FighterBehavior.match_length_seconds.mean": {
            "value": 8.421052631578947,
            "min": 7.263535610465116,
            "max": 29.153846153846153,
            "count": 50
        },
        "FighterBehavior.match_length_seconds.sum": {
            "value": 320.0,
            "min": 312.33203125,
            "max": 379.0,
            "count": 50
        },
        "FighterBehavior.win_count.P2.mean": {
            "value": 1192.3142857142857,
            "min": 6.384615384615385,
            "max": 1192.3142857142857,
            "count": 50
        },
        "FighterBehavior.win_count.P2.sum": {
            "value": 83462.0,
            "min": 166.0,
            "max": 87010.0,
            "count": 50
        },
        "FighterBehavior.loss_count.P1.mean": {
            "value": 1.0,
            "min": 1.0,
            "max": 1.0,
            "count": 50
        },
        "FighterBehavior.loss_count.P1.sum": {
            "value": 32.0,
            "min": 4.0,
            "max": 36.0,
            "count": 50
        },
        "FighterBehavior.win_rate.P1.mean": {
            "value": 0.31974589432540695,
            "min": 0.11007196754217148,
            "max": 0.5067601386043761,
            "count": 50
        },
        "FighterBehavior.win_rate.P1.sum": {
            "value": 12.150343984365463,
            "min": 1.6510795131325722,
            "max": 16.211765497922897,
            "count": 50
        },
        "FighterBehavior.win_rate.P2.mean": {
            "value": 0.6802541048903215,
            "min": 0.4932398746411006,
            "max": 0.8899280389149984,
            "count": 50
        },
        "FighterBehavior.win_rate.P2.sum": {
            "value": 25.849655985832214,
            "min": 8.125818610191345,
            "max": 29.131820142269135,
            "count": 50
        },
        "FighterBehavior.win_count.P1.mean": {
            "value": 560.3636363636364,
            "min": 1.5789473684210527,
            "max": 560.3636363636364,
            "count": 50
        },
        "FighterBehavior.win_count.P1.sum": {
            "value": 24656.0,
            "min": 30.0,
            "max": 29814.0,
            "count": 50
        },
        "FighterBehavior.matches.total.mean": {
            "value": 1752.5,
            "min": 8.0,
            "max": 1752.5,
            "count": 50
        },
        "FighterBehavior.matches.total.sum": {
            "value": 66595.0,
            "min": 120.0,
            "max": 73616.0,
            "count": 50
        },
        "FighterBehavior.Environment.CumulativeReward.mean": {
            "value": -0.6453884394761331,
            "min": -1.129478357338275,
            "max": -0.5534558798118001,
            "count": 50
        },
        "FighterBehavior.Environment.CumulativeReward.sum": {
            "value": -107.77986939251423,
            "min": -120.64668745175004,
            "max": -46.588021204806864,
            "count": 50
        },
        "FighterBehavior.Policy.ExtrinsicReward.mean": {
            "value": -0.6453884394761331,
            "min": -1.129478357338275,
            "max": -0.5534558798118001,
            "count": 50
        },
        "FighterBehavior.Policy.ExtrinsicReward.sum": {
            "value": -107.77986939251423,
            "min": -120.64668745175004,
            "max": -46.588021204806864,
            "count": 50
        },
        "FighterBehavior.loss_count.P2.mean": {
            "value": 1.0,
            "min": 1.0,
            "max": 1.0,
            "count": 50
        },
        "FighterBehavior.loss_count.P2.sum": {
            "value": 6.0,
            "min": 4.0,
            "max": 18.0,
            "count": 50
        },
        "FighterBehavior.IsTraining.mean": {
            "value": 1.0,
            "min": 1.0,
            "max": 1.0,
            "count": 50
        },
        "FighterBehavior.IsTraining.sum": {
            "value": 1.0,
            "min": 1.0,
            "max": 1.0,
            "count": 50
        },
        "FighterBehavior.Losses.PolicyLoss.mean": {
            "value": 0.04642331746872515,
            "min": 0.037309409499478835,
            "max": 0.05519844295728641,
            "count": 48
        },
        "FighterBehavior.Losses.PolicyLoss.sum": {
            "value": 0.04642331746872515,
            "min": 0.037309409499478835,
            "max": 0.05519844295728641,
            "count": 48
        },
        "FighterBehavior.Losses.ValueLoss.mean": {
            "value": 0.299936580657959,
            "min": 0.0885719341225922,
            "max": 0.37588931967814765,
            "count": 48
        },
        "FighterBehavior.Losses.ValueLoss.sum": {
            "value": 0.299936580657959,
            "min": 0.0885719341225922,
            "max": 0.37588931967814765,
            "count": 48
        },
        "FighterBehavior.Policy.LearningRate.mean": {
            "value": 0.0002771945614479693,
            "min": 0.0002771945614479693,
            "max": 0.0002995240616971076,
            "count": 48
        },
        "FighterBehavior.Policy.LearningRate.sum": {
            "value": 0.0002771945614479693,
            "min": 0.0002771945614479693,
            "max": 0.0002995240616971076,
            "count": 48
        },
        "FighterBehavior.Policy.Epsilon.mean": {
            "value": 0.19239818461538463,
            "min": 0.19239818461538463,
            "max": 0.19984135384615387,
            "count": 48
        },
        "FighterBehavior.Policy.Epsilon.sum": {
            "value": 0.19239818461538463,
            "min": 0.19239818461538463,
            "max": 0.19984135384615387,
            "count": 48
        },
        "FighterBehavior.Policy.Beta.mean": {
            "value": 0.004620669412307694,