{
    "name": "root",
    "gauges": {
        "FighterBehavior.Policy.Entropy.mean": {
            "value": 3.321610450744629,
            "min": 3.2915170192718506,
            "max": 3.4981977939605713,
            "count": 100
        },
        "FighterBehavior.Policy.Entropy.sum": {
            "value": 33216.10546875,
            "min": 32911.58203125,
            "max": 35240.84375,
            "count": 100
        },
        "FighterBehavior.wall_penalties.mean": {
            "value": 1.0,
            "min": 1.0,
            "max": 1.0,
            "count": 100
        },
        "FighterBehavior.wall_penalties.sum": {
            "value": 1294.0,
            "min": 1263.0,
            "max": 1545.0,
            "count": 100
        },
        "FighterBehavior.Step.mean": {
            "value": 999976.0,
            "min": 9946.0,
            "max": 999976.0,
            "count": 100
        },
        "FighterBehavior.Step.sum": {
            "value": 999976.0,
            "min": 9946.0,
            "max": 999976.0,
            "count": 100
        },
        "FighterBehavior.Policy.ExtrinsicValueEstimate.mean": {
            "value": -0.48838821053504944,
            "min": -0.5333523154258728,
            "max": 0.09366922080516815,
            "count": 100
        },
        "FighterBehavior.Policy.ExtrinsicValueEstimate.sum": {
            "value": -106.95701599121094,
            "min": -115.73745727539062,
            "max": 16.485782623291016,
            "count": 100
        },
        "FighterBehavior.Environment.EpisodeLength.mean": {
            "value": 85.34482758620689,
            "min": 80.12396694214875,
            "max": 1303.5,
            "count": 100
        },
        "FighterBehavior.Environment.EpisodeLength.sum": {
            "value": 9900.0,
            "min": 5214.0,
            "max": 14626.0,
            "count": 100
        },
        "FighterBehavior.falls.mean": {
            "value": 1.0,
            "min": 1.0,
            "max": 1.0,
            "count": 100
        },
        "FighterBehavior.falls.sum": {
            "value": 31.0,
            "min": 1.0,
            "max": 31.0,
            "count": 100
        },
        "FighterBehavior.match_length_seconds.mean": {
            "value": 12.238420758928571,
            "min": 11.078125,
            "max": 206.66665649414062,
            "count": 100
        },
        "FighterBehavior.match_length_seconds.sum": {
            "value": 342.67578125,
            "min": 206.66665649414062,
            "max": 574.0,
            "count": 100
        },
        "FighterBehavior.win_count.P2.mean": {
            "value": 1042.9166666666667,
            "min": 4.0588235294117645,
            "max": 1042.9166666666667,
            "count": 100
        },
        "FighterBehavior.win_count.P2.sum": {
            "value": 37545.0,
            "min": 7.0,
            "max": 44598.0,
            "count": 100
        },
        "FighterBehavior.loss_count.P1.mean": {
            "value": 1.0,
            "min": 1.0,
            "max": 1.0,
            "count": 99
        },
        "FighterBehavior.loss_count.P1.sum": {
            "value": 8.0,
            "min": 3.0,
            "max": 20.0,
            "count": 99
        },
        "FighterBehavior.win_rate.P1.mean": {
            "value": 0.4926994081054415,
            "min": 0.1910714328289032,
            "max": 0.4933377467095852,
            "count": 100
        },
        "FighterBehavior.win_rate.P1.sum": {
            "value": 13.795583426952362,
            "min": 0.3636363744735718,
            "max": 14.756186217069626,
            "count": 100
        },
        "FighterBehavior.win_rate.P2.mean": {
            "value": 0.5073005940232959,
            "min": 0.5066622594992319,
            "max": 0.8089285731315613,
            "count": 100
        },
        "FighterBehavior.win_rate.P2.sum": {
            "value": 14.204416632652283,
            "min": 0.6363636255264282,
            "max": 15.243813753128052,
            "count": 100
        },
        "FighterBehavior.win_count.P1.mean": {
            "value": 1012.6458333333334,
            "min": 1.5384615384615385,
            "max": 1012.6458333333334,
            "count": 100
        },
        "FighterBehavior.win_count.P1.sum": {
            "value": 48607.0,
            "min": 8.0,
            "max": 48607.0,
            "count": 100
        },
        "FighterBehavior.matches.total.mean": {
            "value": 2055.5,
            "min": 5.5,
            "max": 2055.5,
            "count": 100
        },
        "FighterBehavior.matches.total.sum": {
            "value": 57554.0,
            "min": 11.0,
            "max": 58515.0,
            "count": 100
        },
        "FighterBehavior.Environment.CumulativeReward.mean": {
            "value": -0.6450498209537371,
            "min": -4.60445836186409,
            "max": -0.4765115868616498,
            "count": 100
        },
        "FighterBehavior.Environment.CumulativeReward.sum": {
            "value": -74.18072940967977,
            "min": -74.18072940967977,
            "max": -18.41783344745636,
            "count": 100
        },
        "FighterBehavior.Policy.ExtrinsicReward.mean": {
            "value": -0.6450498209537371,
            "min": -4.60445836186409,
            "max": -0.4765115868616498,
            "count": 100
        },
        "FighterBehavior.Policy.ExtrinsicReward.sum": {
            "value": -74.18072940967977,
            "min": -74.18072940967977,
            "max": -18.41783344745636,
            "count": 100
        },
        "FighterBehavior.loss_count.P2.mean": {
            "value": 1.0,
            "min": 1.0,
            "max": 1.0,
            "count": 100
        },
        "FighterBehavior.loss_count.P2.sum": {
            "value": 20.0,
            "min": 1.0,
            "max": 20.0,
            "count": 100
        },
        "FighterBehavior.IsTraining.mean": {
            "value": 1.0,
            "min": 1.0,
            "max": 1.0,
            "count": 100
        },
        "FighterBehavior.IsTraining.sum": {
            "value": 1.0,
            "min": 1.0,
            "max": 1.0,
            "count": 100
        },
        "FighterBehavior.Losses.PolicyLoss.mean": {
            "value": 0.04964098169002682,
            "min": 0.040039108286146076,
            "max": 0.059003321058116856,
            "count": 97
        },
        "FighterBehavior.Losses.PolicyLoss.sum": {
            "value": 0.04964098169002682,
            "min": 0.040039108286146076,
            "max": 0.059003321058116856,
            "count": 97
        },
        "FighterBehavior.Losses.ValueLoss.mean": {
            "value": 0.1613658414532741,
            "min": 0.009869594972891112,
            "max": 0.17137453140070041,
            "count": 97
        },
        "FighterBehavior.Losses.ValueLoss.sum": {
            "value": 0.1613658414532741,
            "min": 0.009869594972891112,
            "max": 0.17137453140070041,
            "count": 97
        },
        "FighterBehavior.Policy.LearningRate.mean": {
            "value": 3.228998923999898e-07,
            "min": 3.228998923999898e-07,
            "max": 0.000296901001033,
            "count": 97
        },
        "FighterBehavior.Policy.LearningRate.sum": {
            "value": 3.228998923999898e-07,
            "min": 3.228998923999898e-07,
            "max": 0.000296901001033,
            "count": 97
        },
        "FighterBehavior.Policy.Epsilon.mean": {
            "value": 0.10010760000000002,
            "min": 0.10010760000000002,
            "max": 0.19896700000000006,
            "count": 97
        },
        "FighterBehavior.Policy.Epsilon.sum": {
            "value": 0.10010760000000002,
            "min": 0.10010760000000002,
            "max": 0.19896700000000006,
            "count": 97
        },