{
    "name": "root",
    "gauges": {
        "FighterBehavior.Policy.Entropy.mean": {
            "value": 3.504227638244629,
            "min": 3.4126298427581787,
            "max": 3.6061267852783203,
            "count": 102
        },
        "FighterBehavior.Policy.Entropy.sum": {
            "value": 34832.0234375,
            "min": 34015.12890625,
            "max": 36137.24609375,
            "count": 102
        },
        "FighterBehavior.wall_penalties.mean": {
            "value": 1.0,
            "min": 1.0,
            "max": 1.0,
            "count": 102
        },
        "FighterBehavior.wall_penalties.sum": {
            "value": 1300.0,
            "min": 137.0,
            "max": 1538.0,
            "count": 102
        },
        "FighterBehavior.Step.mean": {
            "value": 1019978.0,
            "min": 9952.0,
            "max": 1019978.0,
            "count": 102
        },
        "FighterBehavior.Step.sum": {
            "value": 1019978.0,
            "min": 9952.0,
            "max": 1019978.0,
            "count": 102
        },
        "FighterBehavior.Policy.ExtrinsicValueEstimate.mean": {
            "value": -0.40780073404312134,
            "min": -0.535545289516449,
            "max": 0.27438458800315857,
            "count": 102
        },
        "FighterBehavior.Policy.ExtrinsicValueEstimate.sum": {
            "value": -98.27997589111328,
            "min": -136.02850341796875,
            "max": 44.72468566894531,
            "count": 102
        },
        "FighterBehavior.Environment.EpisodeLength.mean": {
            "value": 69.0,
            "min": 54.56521739130435,
            "max": 729.5,
            "count": 102
        },
        "FighterBehavior.Environment.EpisodeLength.sum": {
            "value": 9798.0,
            "min": 8316.0,
            "max": 11672.0,
            "count": 102
        },
        "FighterBehavior.falls.mean": {
            "value": 1.0,
            "min": 1.0,
            "max": 1.0,
            "count": 102
        },
        "FighterBehavior.falls.sum": {
            "value": 36.0,
            "min": 3.0,
            "max": 47.0,
            "count": 102
        },
        "FighterBehavior.match_length_seconds.mean": {
            "value": 9.3619140625,
            "min": 7.088888888888889,
            "max": 90.66880798339844,
            "count": 102
        },
        "FighterBehavior.match_length_seconds.sum": {
            "value": 327.6669921875,
            "min": 27.310546875,
            "max": 435.335205078125,
            "count": 102
        },
        "FighterBehavior.win_count.P1.mean": {
            "value": 23.5,
            "min": 0.717948717948718,
            "max": 283.0,
            "count": 102
        },
        "FighterBehavior.win_count.P1.sum": {
            "value": 846.0,
            "min": 20.0,
            "max": 10754.0,
            "count": 102
        },
        "FighterBehavior.loss_count.P2.mean": {
            "value": 1.0,
            "min": 1.0,
            "max": 1.0,
            "count": 76
        },
        "FighterBehavior.loss_count.P2.sum": {
            "value": 1.0,
            "min": 1.0,
            "max": 15.0,
            "count": 76
        },
        "FighterBehavior.win_rate.P1.mean": {
            "value": 0.016263044625520705,
            "min": 0.006219587243366532,
            "max": 1.0,
            "count": 102
        },
        "FighterBehavior.win_rate.P1.sum": {
            "value": 0.5692065618932247,
            "min": 0.2550030769780278,
            "max": 12.955850660800934,
            "count": 102
        },
        "FighterBehavior.win_rate.P2.mean": {
            "value": 0.9837369561195374,
            "min": 0.0,
            "max": 0.9937804152325886,
            "count": 102
        },
        "FighterBehavior.win_rate.P2.sum": {
            "value": 34.43079346418381,
            "min": 0.0,
            "max": 44.331698536872864,
            "count": 102
        },
        "FighterBehavior.win_count.P2.mean": {
            "value": 1420.5072463768115,
            "min": 0.0,
            "max": 1420.5072463768115,
            "count": 102
        },
        "FighterBehavior.win_count.P2.sum": {
            "value": 98015.0,
            "min": 0.0,
            "max": 102490.0,
            "count": 102
        },
        "FighterBehavior.matches.total.mean": {
            "value": 1444.0,
            "min": 2.5,
            "max": 1444.0,
            "count": 102
        },
        "FighterBehavior.matches.total.sum": {
            "value": 50540.0,
            "min": 10.0,
            "max": 52096.0,
            "count": 102
        },
        "FighterBehavior.Environment.CumulativeReward.mean": {
            "value": -0.40613908240158425,
            "min": -2.1736756992759183,
            "max": -0.26122988379029266,
            "count": 102
        },
        "FighterBehavior.Environment.CumulativeReward.sum": {
            "value": -57.671749701024964,
            "min": -71.92729152645916,
            "max": -3.1973346492741257,
            "count": 102
        },
        "FighterBehavior.Policy.ExtrinsicReward.mean": {
            "value": -0.40613908240158425,
            "min": -2.1736756992759183,
            "max": -0.26122988379029266,
            "count": 102
        },
        "FighterBehavior.Policy.ExtrinsicReward.sum": {
            "value": -57.671749701024964,
            "min": -71.92729152645916,
            "max": -3.1973346492741257,
            "count": 102
        },
        "FighterBehavior.IsTraining.mean": {
            "value": 1.0,
            "min": 1.0,
            "max": 1.0,
            "count": 102
        },
        "FighterBehavior.IsTraining.sum": {
            "value": 1.0,
            "min": 1.0,
            "max": 1.0,
            "count": 102
        },
        "FighterBehavior.Losses.PolicyLoss.mean": {
            "value": 0.04578963551709118,
            "min": 0.04204419765349788,
            "max": 0.06034191257203929,
            "count": 99
        },
        "FighterBehavior.Losses.PolicyLoss.sum": {
            "value": 0.04578963551709118,
            "min": 0.04204419765349788,
            "max": 0.06034191257203929,
            "count": 99
        },
        "FighterBehavior.Losses.ValueLoss.mean": {
            "value": 0.1180909788236022,
            "min": 0.0184980110420535,
            "max": 0.19317652794222037,
            "count": 99
        },
        "FighterBehavior.Losses.ValueLoss.sum": {
            "value": 0.1180909788236022,
            "min": 0.0184980110420535,
            "max": 0.19317652794222037,
            "count": 99
        },
        "FighterBehavior.Policy.LearningRate.mean": {
            "value": 0.00025296186183323087,
            "min": 0.00025296186183323087,
            "max": 0.00029952590785033845,
            "count": 99
        },
        "FighterBehavior.Policy.LearningRate.sum": {
            "value": 0.00025296186183323087,
            "min": 0.00025296186183323087,
            "max": 0.00029952590785033845,
            "count": 99
        },
        "FighterBehavior.Policy.Epsilon.mean": {
            "value": 0.18432061538461533,
            "min": 0.18432061538461533,
            "max": 0.1998419692307692,
            "count": 99
        },
        "FighterBehavior.Policy.Epsilon.sum": {
            "value": 0.18432061538461533,
            "min": 0.18432061538461533,
            "max": 0.1998419692307692,
            "count": 99
        },
        "FighterBehavior.Policy.Beta.mean": {
            "value": 0.004217598707692309,
            "min": 0.004217598707692309,
            "max": 0.004992114264615386,
            "count": 99
        },
        "FighterBehavior.Policy.Beta.sum": {
            "value": 0.004217598707692309,
            "min": 0.004217598707692309,
            "max": 0.004992114264615386,
            "count": 99
        },