{
    "name": "root",
    "gauges": {
        "FighterBehavior.Policy.Entropy.mean": {
            "value": 3.632307291030884,
            "min": 3.3540830612182617,
            "max": 3.652012586593628,
            "count": 102
        },
        "FighterBehavior.Policy.Entropy.sum": {
            "value": 36541.01171875,
            "min": 33320.09765625,
            "max": 36541.01171875,
            "count": 102
        },
        "FighterBehavior.wall_penalties.mean": {
            "value": 1.0,
            "min": 1.0,
            "max": 1.0,
            "count": 102
        },
        "FighterBehavior.wall_penalties.sum": {
            "value": 1254.0,
            "min": 1189.0,
            "max": 1549.0,
            "count": 102
        },
        "FighterBehavior.Step.mean": {
            "value": 1019942.0,
            "min": 9938.0,
            "max": 1019942.0,
            "count": 102
        },
        "FighterBehavior.Step.sum": {
            "value": 1019942.0,
            "min": 9938.0,
            "max": 1019942.0,
            "count": 102
        },
        "FighterBehavior.Policy.ExtrinsicValueEstimate.mean": {
            "value": -0.502126157283783,
            "min": -0.5703630447387695,
            "max": -0.2008354514837265,
            "count": 102
        },
        "FighterBehavior.Policy.ExtrinsicValueEstimate.sum": {
            "value": -112.47625732421875,
            "min": -125.08235168457031,
            "max": -35.74871063232422,
            "count": 102
        },
        "FighterBehavior.Environment.EpisodeLength.mean": {
            "value": 86.89380530973452,
            "min": 74.13178294573643,
            "max": 375.5,
            "count": 102
        },
        "FighterBehavior.Environment.EpisodeLength.sum": {
            "value": 9819.0,
            "min": 9242.0,
            "max": 10682.0,
            "count": 102
        },
        "FighterBehavior.falls.mean": {
            "value": 1.0,
            "min": 1.0,
            "max": 1.0,
            "count": 102
        },
        "FighterBehavior.falls.sum": {
            "value": 29.0,
            "min": 6.0,
            "max": 36.0,
            "count": 102
        },
        "FighterBehavior.match_length_seconds.mean": {
            "value": 12.680700231481481,
            "min": 10.52099609375,
            "max": 58.23809814453125,
            "count": 102
        },
        "FighterBehavior.match_length_seconds.sum": {
            "value": 342.37890625,
            "min": 323.390625,
            "max": 407.66668701171875,
            "count": 102
        },
        "FighterBehavior.win_count.P1.mean": {
            "value": 1067.4634146341464,
            "min": 3.375,
            "max": 1067.4634146341464,
            "count": 102
        },
        "FighterBehavior.win_count.P1.sum": {
            "value": 43766.0,
            "min": 54.0,
            "max": 44062.0,
            "count": 102
        },
        "FighterBehavior.loss_count.P2.mean": {
            "value": 1.0,
            "min": 1.0,
            "max": 1.0,
            "count": 102
        },
        "FighterBehavior.loss_count.P2.sum": {
            "value": 14.0,
            "min": 2.0,
            "max": 18.0,
            "count": 102
        },
        "FighterBehavior.win_rate.P1.mean": {
            "value": 0.5047087581069382,
            "min": 0.44361091937337604,
            "max": 0.6660317599773407,
            "count": 102
        },
        "FighterBehavior.win_rate.P1.sum": {
            "value": 13.627136468887329,
            "min": 3.105276435613632,
            "max": 16.219856321811676,
            "count": 102
        },
        "FighterBehavior.win_rate.P2.mean": {
            "value": 0.49529124078927217,
            "min": 0.3339682579040527,
            "max": 0.5563890933990479,
            "count": 102
        },
        "FighterBehavior.win_rate.P2.sum": {
            "value": 13.372863501310349,
            "min": 3.3396825790405273,
            "max": 15.889286935329437,
            "count": 102
        },
        "FighterBehavior.win_count.P2.mean": {
            "value": 1048.675,
            "min": 2.2857142857142856,
            "max": 1048.675,
            "count": 102
        },
        "FighterBehavior.win_count.P2.sum": {
            "value": 41947.0,
            "min": 32.0,
            "max": 42909.0,
            "count": 102
        },
        "FighterBehavior.matches.total.mean": {
            "value": 2116.0,
            "min": 5.5,
            "max": 2116.0,
            "count": 102
        },
        "FighterBehavior.matches.total.sum": {
            "value": 57132.0,
            "min": 55.0,
            "max": 57132.0,
            "count": 102
        },
        "FighterBehavior.Environment.CumulativeReward.mean": {
            "value": -0.6109318771897897,
            "min": -1.426304123913204,
            "max": -0.48926078630167813,
            "count": 102
        },
        "FighterBehavior.Environment.CumulativeReward.sum": {
            "value": -69.64623399963602,
            "min": -81.89589264430106,
            "max": -36.88510789908469,
            "count": 102
        },
        "FighterBehavior.Policy.ExtrinsicReward.mean": {
            "value": -0.6109318771897897,
            "min": -1.426304123913204,
            "max": -0.48926078630167813,
            "count": 102
        },
        "FighterBehavior.Policy.ExtrinsicReward.sum": {
            "value": -69.64623399963602,
            "min": -81.89589264430106,
            "max": -36.88510789908469,
            "count": 102
        },
        "FighterBehavior.loss_count.P1.mean": {
            "value": 1.0,
            "min": 1.0,
            "max": 1.0,
            "count": 102
        },
        "FighterBehavior.loss_count.P1.sum": {
            "value": 13.0,
            "min": 1.0,
            "max": 20.0,
            "count": 102
        },
        "FighterBehavior.IsTraining.mean": {
            "value": 1.0,
            "min": 1.0,
            "max": 1.0,
            "count": 102
        },
        "FighterBehavior.IsTraining.sum": {
            "value": 1.0,
            "min": 1.0,
            "max": 1.0,
            "count": 102
        },
        "FighterBehavior.Losses.PolicyLoss.mean": {
            "value": 0.05036973097012378,
            "min": 0.0397441967157647,
            "max": 0.05750999065542904,
            "count": 99
        },
        "FighterBehavior.Losses.PolicyLoss.sum": {
            "value": 0.05036973097012378,
            "min": 0.0397441967157647,
            "max": 0.05750999065542904,
            "count": 99
        },
        "FighterBehavior.Losses.ValueLoss.mean": {
            "value": 0.1784547380482157,
            "min": 0.040267795937446255,
            "max": 0.23729952437182267,
            "count": 99
        },
        "FighterBehavior.Losses.ValueLoss.sum": {
            "value": 0.1784547380482157,
            "min": 0.040267795937446255,
            "max": 0.23729952437182267,
            "count": 99
        },
        "FighterBehavior.Policy.LearningRate.mean": {
            "value": 0.00025292807722910763,
            "min": 0.00025292807722910763,
            "max": 0.0002995244309277539,
            "count": 99
        },
        "FighterBehavior.Policy.LearningRate.sum": {
            "value": 0.00025292807722910763,
            "min": 0.00025292807722910763,
            "max": 0.0002995244309277539,
            "count": 99
        },
        "FighterBehavior.Policy.Epsilon.mean": {
            "value": 0.18430935384615388,
            "min": 0.18430935384615388,
            "max": 0.19984147692307688,
            "count": 99
        },
        "FighterBehavior.Policy.Epsilon.sum": {
            "value": 0.18430935384615388,
            "min": 0.18430935384615388,
            "max": 0.19984147692307688,
            "count": 99
        },