{"count":1,"self":736.5072384,"total":1770.1191376,"children":{"InitializeActuators":{"count":19923,"self":0.1598211,"total":0.1598211,"children":null},"InitializeSensors":{"count":19923,"self":0.0618508,"total":0.0618508,"children":null},"AgentSendState":{"count":8134670,"self":6.9676919999999996,"total":15.2088828,"children":{"CollectObservations":{"count":4067669,"self":4.6592063999999995,"total":4.6592065,"children":null},"WriteActionMask":{"count":4067669,"self":1.0606274,"total":1.0606274,"children":null},"RequestDecision":{"count":4067669,"self":2.518348,"total":2.5213571999999997,"children":{"AgentInfo.ToProto":{"count":333,"self":0.0010031999999999999,"total":0.0030091,"children":{"GenerateSensorData":{"count":333,"self":0.0020058999999999997,"total":0.0020058999999999997,"children":null}}}}}}},"DecideAction":{"count":8134670,"self":1006.895104,"total":1006.8951326,"children":null},"AgentAct":{"count":8134670,"self":11.2811,"total":11.2810998,"children":null},"AgentInfo.ToProto":{"count":332,"self":0.0036203999999999997,"total":0.005134,"children":{"GenerateSensorData":{"count":332,"self":0.0015136,"total":0.0015136,"children":null}}}},"gauges":{"FighterA.CumulativeReward":{"count":10175,"max":1.25878453,"min":-5.990421,"runningAverage":-0.9581791,"value":0.3787669,"weightedAverage":-1.65355623},"FighterB.CumulativeReward":{"count":10175,"max":2.983341,"min":-6.24991226,"runningAverage":-3.58147478,"value":-5.82537937,"weightedAverage":-3.05702877},"AutoBalancerAgent.CumulativeReward":{"count":332,"max":24.8078136,"min":-15.1323338,"runningAverage":-0.958095133,"value":0.826419055,"weightedAverage":-0.669666231}},"metadata":{"timer_format_version":"0.1.0","start_time_seconds":"1776778724","unity_version":"6000.4.1f1","command_line_arguments":"C:\\Program Files\\Unity\\Hub\\Editor\\6000.4.1f1\\Editor\\Unity.exe -projectpath C:\\Users\\alant\\Desktop\\NewAI\\Sword-fighting AI -acceptSoftwareTermsForThisRunOnly -useHub -hubIPC -cloudEnvironment production","communication_protocol_version":"1.5.0","com.unity.ml-agents_version":"4.0.2","scene_name":"SampleScene","end_time_seconds":"1776780494"}}