{
    "name": "root",
    "gauges": {
        "FighterBehavior.Policy.Entropy.mean": {
            "value": 3.4196531772613525,
            "min": 3.4196531772613525,
            "max": 3.4982922077178955,
            "count": 13
        },
        "FighterBehavior.Policy.Entropy.sum": {
            "value": 34162.3359375,
            "min": 34162.3359375,
            "max": 35050.36328125,
            "count": 13
        },
        "FighterBehavior.wall_penalties.mean": {
            "value": 1.0,
            "min": 1.0,
            "max": 1.0,
            "count": 13
        },
        "FighterBehavior.wall_penalties.sum": {
            "value": 1486.0,
            "min": 1466.0,
            "max": 1541.0,
            "count": 13
        },
        "FighterBehavior.Step.mean": {
            "value": 129960.0,
            "min": 9982.0,
            "max": 129960.0,
            "count": 13
        },
        "FighterBehavior.Step.sum": {
            "value": 129960.0,
            "min": 9982.0,
            "max": 129960.0,
            "count": 13
        },
        "FighterBehavior.Policy.ExtrinsicValueEstimate.mean": {
            "value": -0.37802043557167053,
            "min": -0.3817281723022461,
            "max": -0.040955476462841034,
            "count": 13
        },
        "FighterBehavior.Policy.ExtrinsicValueEstimate.sum": {
            "value": -72.95794677734375,
            "min": -74.43699645996094,
            "max": -6.839564323425293,
            "count": 13
        },
        "FighterBehavior.Environment.EpisodeLength.mean": {
            "value": 138.05714285714285,
            "min": 137.58823529411765,
            "max": 498.0,
            "count": 13
        },
        "FighterBehavior.Environment.EpisodeLength.sum": {
            "value": 9664.0,
            "min": 8964.0,
            "max": 10756.0,
            "count": 13
        },
        "FighterBehavior.falls.mean": {
            "value": 1.0,
            "min": 1.0,
            "max": 1.0,
            "count": 13
        },
        "FighterBehavior.falls.sum": {
            "value": 17.0,
            "min": 4.0,
            "max": 19.0,
            "count": 13
        },
        "FighterBehavior.match_length_seconds.mean": {
            "value": 20.78432329963235,
            "min": 19.75439453125,
            "max": 87.33334350585938,
            "count": 13
        },
        "FighterBehavior.match_length_seconds.sum": {
            "value": 353.33349609375,
            "min": 343.0,
            "max": 402.666748046875,
            "count": 13
        },
        "FighterBehavior.win_count.P1.mean": {
            "value": 30.0,
            "min": 3.5,
            "max": 30.0,
            "count": 13
        },
        "FighterBehavior.win_count.P1.sum": {
            "value": 510.0,
            "min": 42.0,
            "max": 570.0,
            "count": 13
        },
        "FighterBehavior.loss_count.P2.mean": {
            "value": 1.0,
            "min": 1.0,
            "max": 1.0,
            "count": 9
        },
        "FighterBehavior.loss_count.P2.sum": {
            "value": 1.0,
            "min": 1.0,
            "max": 7.0,
            "count": 9
        },
        "FighterBehavior.win_rate.P1.mean": {
            "value": 0.200213743483319,
            "min": 0.200213743483319,
            "max": 1.0,
            "count": 13
        },
        "FighterBehavior.win_rate.P1.sum": {
            "value": 3.403633639216423,
            "min": 3.403633639216423,
            "max": 8.33796614408493,
            "count": 13
        },
        "FighterBehavior.win_rate.P2.mean": {
            "value": 0.7997862591462976,
            "min": 0.0,
            "max": 0.7997862591462976,
            "count": 13
        },
        "FighterBehavior.win_rate.P2.sum": {
            "value": 13.59636640548706,
            "min": 0.0,
            "max": 14.674360275268555,
            "count": 13
        },
        "FighterBehavior.win_count.P2.mean": {
            "value": 120.0,
            "min": 0.0,
            "max": 120.0,
            "count": 13
        },
        "FighterBehavior.win_count.P2.sum": {
            "value": 4080.0,
            "min": 0.0,
            "max": 4080.0,
            "count": 13
        },
        "FighterBehavior.matches.total.mean": {
            "value": 150.0,
            "min": 3.5,
            "max": 150.0,
            "count": 13
        },
        "FighterBehavior.matches.total.sum": {
            "value": 2550.0,
            "min": 21.0,
            "max": 2550.0,
            "count": 13
        },
        "FighterBehavior.Environment.CumulativeReward.mean": {
            "value": -0.7990206418972876,
            "min": -1.9621712681102126,
            "max": -0.7010731058997206,
            "count": 13
        },
        "FighterBehavior.Environment.CumulativeReward.sum": {
            "value": -57.52948621660471,
            "min": -57.52948621660471,
            "max": -37.28125409409404,
            "count": 13
        },
        "FighterBehavior.Policy.ExtrinsicReward.mean": {
            "value": -0.7990206418972876,
            "min": -1.9621712681102126,
            "max": -0.7010731058997206,
            "count": 13
        },
        "FighterBehavior.Policy.ExtrinsicReward.sum": {
            "value": -57.52948621660471,
            "min": -57.52948621660471,
            "max": -37.28125409409404,
            "count": 13
        },
        "FighterBehavior.IsTraining.mean": {
            "value": 1.0,
            "min": 1.0,
            "max": 1.0,
            "count": 13
        },
        "FighterBehavior.IsTraining.sum": {
            "value": 1.0,
            "min": 1.0,
            "max": 1.0,
            "count": 13
        },
        "FighterBehavior.Losses.PolicyLoss.mean": {
            "value": 0.047690740512916815,
            "min": 0.04563636339250176,
            "max": 0.053314480957730365,
            "count": 12
        },
        "FighterBehavior.Losses.PolicyLoss.sum": {
            "value": 0.047690740512916815,
            "min": 0.04563636339250176,
            "max": 0.053314480957730365,
            "count": 12
        },
        "FighterBehavior.Losses.ValueLoss.mean": {
            "value": 0.15619129203259946,
            "min": 0.030230316799134016,
            "max": 0.15619129203259946,
            "count": 12
        },
        "FighterBehavior.Losses.ValueLoss.sum": {
            "value": 0.15619129203259946,
            "min": 0.030230316799134016,
            "max": 0.15619129203259946,
            "count": 12
        },
        "FighterBehavior.Policy.LearningRate.mean": {
            "value": 0.0002943060942056615,
            "min": 0.0002943060942056615,
            "max": 0.0002995242463124307,
            "count": 12
        },
        "FighterBehavior.Policy.LearningRate.sum": {
            "value": 0.0002943060942056615,
            "min": 0.0002943060942056615,
            "max": 0.0002995242463124307,
            "count": 12
        },
        "FighterBehavior.Policy.Epsilon.mean": {
            "value": 0.19810203076923075,
            "min": 0.19810203076923075,
            "max": 0.19984141538461533,
            "count": 12
        },
        "FighterBehavior.Policy.Epsilon.sum": {
            "value": 0.19810203076923075,
            "min": 0.19810203076923075,
            "max": 0.19984141538461533,
            "count": 12
        },
        "FighterBehavior.Policy.Beta.mean": {
            "value": 0.004905291335384615,
            "min": 0.004905291335384615,
            "max": 0.004992086627692308,
            "count": 12
        },
        "FighterBehavior.Policy.Beta.sum": {
            "value": 0.004905291335384615,
            "min": 0.004905291335384615,
            "max": 0.004992086627692308,
            "count": 12
        },
        "FighterBehavior.loss_count.P1.mean": {
            "value": 1.0,
            "min": 1.0,
            "max": 1.0,