{
    "name": "root",
    "gauges": {
        "FighterBehavior.Policy.Entropy.mean": {
            "value": 3.3896591663360596,
            "min": 3.332303285598755,
            "max": 3.5056934356689453,
            "count": 100
        },
        "FighterBehavior.Policy.Entropy.sum": {
            "value": 33944.046875,
            "min": 33282.1640625,
            "max": 35162.10546875,
            "count": 100
        },
        "FighterBehavior.wall_penalties.mean": {
            "value": 1.0,
            "min": 1.0,
            "max": 1.0,
            "count": 100
        },
        "FighterBehavior.wall_penalties.sum": {
            "value": 1257.0,
            "min": 1229.0,
            "max": 1496.0,
            "count": 100
        },
        "FighterBehavior.Step.mean": {
            "value": 999968.0,
            "min": 9968.0,
            "max": 999968.0,
            "count": 100
        },
        "FighterBehavior.Step.sum": {
            "value": 999968.0,
            "min": 9968.0,
            "max": 999968.0,
            "count": 100
        },
        "FighterBehavior.Policy.ExtrinsicValueEstimate.mean": {
            "value": -0.5264988541603088,
            "min": -0.5324757099151611,
            "max": -0.10607226938009262,
            "count": 100
        },
        "FighterBehavior.Policy.ExtrinsicValueEstimate.sum": {
            "value": -113.7237548828125,
            "min": -125.26908111572266,
            "max": -18.350502014160156,
            "count": 100
        },
        "FighterBehavior.Environment.EpisodeLength.mean": {
            "value": 91.2,
            "min": 69.01408450704226,
            "max": 516.75,
            "count": 100
        },
        "FighterBehavior.Environment.EpisodeLength.sum": {
            "value": 10032.0,
            "min": 8268.0,
            "max": 11120.0,
            "count": 100
        },
        "FighterBehavior.falls.mean": {
            "value": 1.0,
            "min": 1.0,
            "max": 1.0,
            "count": 100
        },
        "FighterBehavior.falls.sum": {
            "value": 30.0,
            "min": 4.0,
            "max": 44.0,
            "count": 100
        },
        "FighterBehavior.match_length_seconds.mean": {
            "value": 14.204375,
            "min": 10.131332859848484,
            "max": 80.83333587646484,
            "count": 100
        },
        "FighterBehavior.match_length_seconds.sum": {
            "value": 355.109375,
            "min": 308.66796875,
            "max": 420.886474609375,
            "count": 100
        },
        "FighterBehavior.win_count.P2.mean": {
            "value": 1118.162162162162,
            "min": 3.142857142857143,
            "max": 1118.162162162162,
            "count": 100
        },
        "FighterBehavior.win_count.P2.sum": {
            "value": 41372.0,
            "min": 44.0,
            "max": 50261.0,
            "count": 100
        },
        "FighterBehavior.loss_count.P1.mean": {
            "value": 1.0,
            "min": 1.0,
            "max": 1.0,
            "count": 100
        },
        "FighterBehavior.loss_count.P1.sum": {
            "value": 12.0,
            "min": 2.0,
            "max": 20.0,
            "count": 100
        },
        "FighterBehavior.win_rate.P1.mean": {
            "value": 0.5077058339118957,
            "min": 0.24827877751418523,
            "max": 0.5373889987285321,
            "count": 100
        },
        "FighterBehavior.win_rate.P1.sum": {
            "value": 12.692645847797394,
            "min": 1.0449495166540146,
            "max": 16.726410925388336,
            "count": 100
        },
        "FighterBehavior.win_rate.P2.mean": {
            "value": 0.49229416370391843,
            "min": 0.46261100814892697,
            "max": 0.7517212288720267,
            "count": 100
        },
        "FighterBehavior.win_rate.P2.sum": {
            "value": 12.307354092597961,
            "min": 2.955050528049469,
            "max": 16.273588985204697,
            "count": 100
        },
        "FighterBehavior.win_count.P1.mean": {
            "value": 1153.0,
            "min": 1.6,
            "max": 1153.0,
            "count": 100
        },
        "FighterBehavior.win_count.P1.sum": {
            "value": 43814.0,
            "min": 14.0,
            "max": 56253.0,
            "count": 100
        },
        "FighterBehavior.matches.total.mean": {
            "value": 2271.0,
            "min": 4.5,
            "max": 2271.0,
            "count": 100
        },
        "FighterBehavior.matches.total.sum": {
            "value": 56775.0,
            "min": 36.0,
            "max": 70960.0,
            "count": 100
        },
        "FighterBehavior.Environment.CumulativeReward.mean": {
            "value": -0.5359837176743895,
            "min": -1.7503535188698152,
            "max": -0.41169360109355563,
            "count": 100
        },
        "FighterBehavior.Environment.CumulativeReward.sum": {
            "value": -58.95820894418284,
            "min": -83.72658696747385,
            "max": -28.005656301917043,
            "count": 100
        },
        "FighterBehavior.Policy.ExtrinsicReward.mean": {
            "value": -0.5359837176743895,
            "min": -1.7503535188698152,
            "max": -0.41169360109355563,
            "count": 100
        },
        "FighterBehavior.Policy.ExtrinsicReward.sum": {
            "value": -58.95820894418284,
            "min": -83.72658696747385,
            "max": -28.005656301917043,
            "count": 100
        },
        "FighterBehavior.loss_count.P2.mean": {
            "value": 1.0,
            "min": 1.0,
            "max": 1.0,
            "count": 100
        },
        "FighterBehavior.loss_count.P2.sum": {
            "value": 13.0,
            "min": 1.0,
            "max": 21.0,
            "count": 100
        },
        "FighterBehavior.IsTraining.mean": {
            "value": 1.0,
            "min": 1.0,
            "max": 1.0,
            "count": 100
        },
        "FighterBehavior.IsTraining.sum": {
            "value": 1.0,
            "min": 1.0,
            "max": 1.0,
            "count": 100
        },
        "FighterBehavior.Losses.PolicyLoss.mean": {
            "value": 0.04405640442079554,
            "min": 0.04094303871194522,
            "max": 0.05696157407752859,
            "count": 97
        },
        "FighterBehavior.Losses.PolicyLoss.sum": {
            "value": 0.04405640442079554,
            "min": 0.04094303871194522,
            "max": 0.05696157407752859,
            "count": 97
        },
        "FighterBehavior.Losses.ValueLoss.mean": {
            "value": 0.18397488041470447,
            "min": 0.0410115531568105,
            "max": 0.2551079638302326,
            "count": 97
        },
        "FighterBehavior.Losses.ValueLoss.sum": {
            "value": 0.18397488041470447,
            "min": 0.0410115531568105,
            "max": 0.2551079638302326,
            "count": 97
        },
        "FighterBehavior.Policy.LearningRate.mean": {
            "value": 5.094998301999932e-07,
            "min": 5.094998301999932e-07,
            "max": 0.0002969136010287999,
            "count": 97
        },
        "FighterBehavior.Policy.LearningRate.sum": {
            "value": 5.094998301999932e-07,
            "min": 5.094998301999932e-07,
            "max": 0.0002969136010287999,
            "count": 97
        },
        "FighterBehavior.Policy.Epsilon.mean": {
            "value": 0.10016979999999999,
            "min": 0.10016979999999999,
            "max": 0.19897119999999996,
            "count": 97
        },
        "FighterBehavior.Policy.Epsilon.sum": {
            "value": 0.10016979999999999,
            "min": 0.10016979999999999,
            "max": 0.19897119999999996,
            "count": 97
        },
        "FighterBehavior.Policy.Beta.mean": {
            "value": 1.847301999999989e-05,