{
    "name": "root",
    "gauges": {
        "FighterBehavior.Policy.Entropy.mean": {
            "value": 3.478130340576172,
            "min": 3.478130340576172,
            "max": 3.5195045471191406,
            "count": 13
        },
        "FighterBehavior.Policy.Entropy.sum": {
            "value": 34670.00390625,
            "min": 34665.83984375,
            "max": 35970.91796875,
            "count": 13
        },
        "FighterBehavior.wall_penalties.mean": {
            "value": 1.0,
            "min": 1.0,
            "max": 1.0,
            "count": 13
        },
        "FighterBehavior.wall_penalties.sum": {
            "value": 1445.0,
            "min": 552.0,
            "max": 1539.0,
            "count": 13
        },
        "FighterBehavior.Step.mean": {
            "value": 129964.0,
            "min": 9940.0,
            "max": 129964.0,
            "count": 13
        },
        "FighterBehavior.Step.sum": {
            "value": 129964.0,
            "min": 9940.0,
            "max": 129964.0,
            "count": 13
        },
        "FighterBehavior.Policy.ExtrinsicValueEstimate.mean": {
            "value": -0.34485292434692383,
            "min": -0.34485292434692383,
            "max": 0.09052249789237976,
            "count": 13
        },
        "FighterBehavior.Policy.ExtrinsicValueEstimate.sum": {
            "value": -62.073524475097656,
            "min": -62.073524475097656,
            "max": 14.936212539672852,
            "count": 13
        },
        "FighterBehavior.Environment.EpisodeLength.mean": {
            "value": 199.36363636363637,
            "min": 168.8360655737705,
            "max": 614.1666666666666,
            "count": 13
        },
        "FighterBehavior.Environment.EpisodeLength.sum": {
            "value": 8772.0,
            "min": 1666.0,
            "max": 11690.0,
            "count": 13
        },
        "FighterBehavior.falls.mean": {
            "value": 1.0,
            "min": 1.0,
            "max": 1.0,
            "count": 13
        },
        "FighterBehavior.falls.sum": {
            "value": 10.0,
            "min": 2.0,
            "max": 15.0,
            "count": 13
        },
        "FighterBehavior.match_length_seconds.mean": {
            "value": 33.20263671875,
            "min": 25.610205078125,
            "max": 96.4444580078125,
            "count": 13
        },
        "FighterBehavior.match_length_seconds.sum": {
            "value": 332.0263671875,
            "min": 62.99999809265137,
            "max": 450.3531494140625,
            "count": 13
        },
        "FighterBehavior.win_count.P1.mean": {
            "value": 32.8,
            "min": 1.0,
            "max": 32.8,
            "count": 13
        },
        "FighterBehavior.win_count.P1.sum": {
            "value": 492.0,
            "min": 3.0,
            "max": 535.0,
            "count": 13
        },
        "FighterBehavior.loss_count.P2.mean": {
            "value": 1.0,
            "min": 1.0,
            "max": 1.0,
            "count": 12
        },
        "FighterBehavior.loss_count.P2.sum": {
            "value": 5.0,
            "min": 1.0,
            "max": 7.0,
            "count": 12
        },
        "FighterBehavior.win_rate.P1.mean": {
            "value": 0.3496340423822403,
            "min": 0.34651246269543967,
            "max": 1.0,
            "count": 13
        },
        "FighterBehavior.win_rate.P1.sum": {
            "value": 3.496340423822403,
            "min": 1.5,
            "max": 6.552669644355774,
            "count": 13
        },
        "FighterBehavior.win_rate.P2.mean": {
            "value": 0.6503659546375274,
            "min": 0.0,
            "max": 0.6534875392913818,
            "count": 13
        },
        "FighterBehavior.win_rate.P2.sum": {
            "value": 6.503659546375275,
            "min": 0.0,
            "max": 9.802313089370728,
            "count": 13
        },
        "FighterBehavior.win_count.P2.mean": {
            "value": 60.86666666666667,
            "min": 0.0,
            "max": 60.86666666666667,
            "count": 13
        },
        "FighterBehavior.win_count.P2.sum": {
            "value": 913.0,
            "min": 0.0,
            "max": 1377.0,
            "count": 13
        },
        "FighterBehavior.matches.total.mean": {
            "value": 93.5,
            "min": 1.5,
            "max": 93.5,
            "count": 13
        },
        "FighterBehavior.matches.total.sum": {
            "value": 935.0,
            "min": 3.0,
            "max": 1215.0,
            "count": 13
        },
        "FighterBehavior.Environment.CumulativeReward.mean": {
            "value": -0.9750350560061634,
            "min": -2.275748951903855,
            "max": -0.7788253500195289,
            "count": 13
        },
        "FighterBehavior.Environment.CumulativeReward.sum": {
            "value": -42.90154246427119,
            "min": -54.4294751547277,
            "max": -8.409376181662083,
            "count": 13
        },
        "FighterBehavior.Policy.ExtrinsicReward.mean": {
            "value": -0.9750350560061634,
            "min": -2.275748951903855,
            "max": -0.7788253500195289,
            "count": 13
        },
        "FighterBehavior.Policy.ExtrinsicReward.sum": {
            "value": -42.90154246427119,
            "min": -54.4294751547277,
            "max": -8.409376181662083,
            "count": 13
        },
        "FighterBehavior.IsTraining.mean": {
            "value": 1.0,
            "min": 1.0,
            "max": 1.0,
            "count": 13
        },
        "FighterBehavior.IsTraining.sum": {
            "value": 1.0,
            "min": 1.0,
            "max": 1.0,
            "count": 13
        },
        "FighterBehavior.Losses.PolicyLoss.mean": {
            "value": 0.05004540253042554,
            "min": 0.042603185144253077,
            "max": 0.05589417481484513,
            "count": 12
        },
        "FighterBehavior.Losses.PolicyLoss.sum": {
            "value": 0.05004540253042554,
            "min": 0.042603185144253077,
            "max": 0.05589417481484513,
            "count": 12
        },
        "FighterBehavior.Losses.ValueLoss.mean": {
            "value": 0.09502913265799483,
            "min": 0.022803058671221756,
            "max": 0.09923414066433907,
            "count": 12
        },
        "FighterBehavior.Losses.ValueLoss.sum": {
            "value": 0.09502913265799483,
            "min": 0.022803058671221756,
            "max": 0.09923414066433907,
            "count": 12
        },
        "FighterBehavior.Policy.LearningRate.mean": {
            "value": 0.0002942890172882769,
            "min": 0.0002942890172882769,
            "max": 0.00029952646169630764,
            "count": 12
        },
        "FighterBehavior.Policy.LearningRate.sum": {
            "value": 0.0002942890172882769,
            "min": 0.0002942890172882769,
            "max": 0.00029952646169630764,
            "count": 12
        },
        "FighterBehavior.Policy.Epsilon.mean": {
            "value": 0.19809633846153843,
            "min": 0.19809633846153843,
            "max": 0.19984215384615386,
            "count": 12
        },
        "FighterBehavior.Policy.Epsilon.sum": {
            "value": 0.19809633846153843,
            "min": 0.19809633846153843,
            "max": 0.19984215384615386,
            "count": 12
        },
        "FighterBehavior.Policy.Beta.mean": {
            "value": 0.004905007289230768,
            "min": 0.004905007289230768,
            "max": 0.004992123476923077,
            "count": 12
        },
        "FighterBehavior.Policy.Beta.sum": {
            "value": 0.004905007289230768,
            "min": 0.004905007289230768,
            "max": 0.004992123476923077,
            "count": 12
        },
        "FighterBehavior.loss_count.P1.mean": {
            "value": 1.0,
            "min": 1.0,