{
    "name": "root",
    "gauges": {
        "FighterBehavior.Policy.Entropy.mean": {
            "value": 3.4705684185028076,
            "min": 3.4695487022399902,
            "max": 3.510474920272827,
            "count": 14
        },
        "FighterBehavior.Policy.Entropy.sum": {
            "value": 35031.91796875,
            "min": 34614.84375,
            "max": 35364.5234375,
            "count": 14
        },
        "FighterBehavior.wall_penalties.mean": {
            "value": 1.0,
            "min": 1.0,
            "max": 1.0,
            "count": 14
        },
        "FighterBehavior.wall_penalties.sum": {
            "value": 1426.0,
            "min": 1426.0,
            "max": 1556.0,
            "count": 14
        },
        "FighterBehavior.Step.mean": {
            "value": 139992.0,
            "min": 9962.0,
            "max": 139992.0,
            "count": 14
        },
        "FighterBehavior.Step.sum": {
            "value": 139992.0,
            "min": 9962.0,
            "max": 139992.0,
            "count": 14
        },
        "FighterBehavior.Policy.ExtrinsicValueEstimate.mean": {
            "value": -0.39390742778778076,
            "min": -0.44208642840385437,
            "max": 0.041654329746961594,
            "count": 14
        },
        "FighterBehavior.Policy.ExtrinsicValueEstimate.sum": {
            "value": -81.93274688720703,
            "min": -91.0698013305664,
            "max": 7.164544582366943,
            "count": 14
        },
        "FighterBehavior.Environment.EpisodeLength.mean": {
            "value": 112.25,
            "min": 108.41304347826087,
            "max": 848.3333333333334,
            "count": 14
        },
        "FighterBehavior.Environment.EpisodeLength.sum": {
            "value": 9878.0,
            "min": 8014.0,
            "max": 11236.0,
            "count": 14
        },
        "FighterBehavior.falls.mean": {
            "value": 1.0,
            "min": 1.0,
            "max": 1.0,
            "count": 14
        },
        "FighterBehavior.falls.sum": {
            "value": 22.0,
            "min": 3.0,
            "max": 23.0,
            "count": 14
        },
        "FighterBehavior.match_length_seconds.mean": {
            "value": 16.121226917613637,
            "min": 15.507239300271738,
            "max": 133.8888956705729,
            "count": 14
        },
        "FighterBehavior.match_length_seconds.sum": {
            "value": 354.6669921875,
            "min": 307.66668701171875,
            "max": 440.1265869140625,
            "count": 14
        },
        "FighterBehavior.win_count.P2.mean": {
            "value": 116.58974358974359,
            "min": 3.6153846153846154,
            "max": 116.58974358974359,
            "count": 14
        },
        "FighterBehavior.win_count.P2.sum": {
            "value": 4547.0,
            "min": 28.0,
            "max": 4547.0,
            "count": 14
        },
        "FighterBehavior.loss_count.P1.mean": {
            "value": 1.0,
            "min": 1.0,
            "max": 1.0,
            "count": 14
        },
        "FighterBehavior.loss_count.P1.sum": {
            "value": 17.0,
            "min": 1.0,
            "max": 22.0,
            "count": 14
        },
        "FighterBehavior.win_rate.P1.mean": {
            "value": 0.27561286904595117,
            "min": 0.04421768869672503,
            "max": 0.4614234243830045,
            "count": 14
        },
        "FighterBehavior.win_rate.P1.sum": {
            "value": 6.063483119010925,
            "min": 0.3095238208770752,
            "max": 7.095614910125732,
            "count": 14
        },
        "FighterBehavior.win_rate.P2.mean": {
            "value": 0.724387136372653,
            "min": 0.538576583067576,
            "max": 0.955782311303275,
            "count": 14
        },
        "FighterBehavior.win_rate.P2.sum": {
            "value": 15.936517000198364,
            "min": 2.3527777791023254,
            "max": 16.15081286430359,
            "count": 14
        },
        "FighterBehavior.win_count.P1.mean": {
            "value": 44.18518518518518,
            "min": 0.375,
            "max": 44.18518518518518,
            "count": 14
        },
        "FighterBehavior.win_count.P1.sum": {
            "value": 1193.0,
            "min": 3.0,
            "max": 1193.0,
            "count": 14
        },
        "FighterBehavior.matches.total.mean": {
            "value": 160.5,
            "min": 4.0,
            "max": 160.5,
            "count": 14
        },
        "FighterBehavior.matches.total.sum": {
            "value": 3531.0,
            "min": 27.0,
            "max": 3531.0,
            "count": 14
        },
        "FighterBehavior.Environment.CumulativeReward.mean": {
            "value": -0.5969562838940571,
            "min": -2.916752865538001,
            "max": -0.5353856842951953,
            "count": 14
        },
        "FighterBehavior.Environment.CumulativeReward.sum": {
            "value": -53.72606555046514,
            "min": -58.24488502624445,
            "max": -35.00103438645601,
            "count": 14
        },
        "FighterBehavior.Policy.ExtrinsicReward.mean": {
            "value": -0.5969562838940571,
            "min": -2.916752865538001,
            "max": -0.5353856842951953,
            "count": 14
        },
        "FighterBehavior.Policy.ExtrinsicReward.sum": {
            "value": -53.72606555046514,
            "min": -58.24488502624445,
            "max": -35.00103438645601,
            "count": 14
        },
        "FighterBehavior.loss_count.P2.mean": {
            "value": 1.0,
            "min": 1.0,
            "max": 1.0,
            "count": 14
        },
        "FighterBehavior.loss_count.P2.sum": {
            "value": 5.0,
            "min": 1.0,
            "max": 6.0,
            "count": 14
        },
        "FighterBehavior.IsTraining.mean": {
            "value": 1.0,
            "min": 1.0,
            "max": 1.0,
            "count": 14
        },
        "FighterBehavior.IsTraining.sum": {
            "value": 1.0,
            "min": 1.0,
            "max": 1.0,
            "count": 14
        },
        "FighterBehavior.Losses.PolicyLoss.mean": {
            "value": 0.047254703504343826,
            "min": 0.04388909980577106,
            "max": 0.054697348782792685,
            "count": 13
        },
        "FighterBehavior.Losses.PolicyLoss.sum": {
            "value": 0.047254703504343826,
            "min": 0.04388909980577106,
            "max": 0.054697348782792685,
            "count": 13
        },
        "FighterBehavior.Losses.ValueLoss.mean": {
            "value": 0.1523454189300537,
            "min": 0.020417598561228562,
            "max": 0.1523454189300537,
            "count": 13
        },
        "FighterBehavior.Losses.ValueLoss.sum": {
            "value": 0.1523454189300537,
            "min": 0.020417598561228562,
            "max": 0.1523454189300537,
            "count": 13
        },
        "FighterBehavior.Policy.LearningRate.mean": {
            "value": 0.0002938234174434769,
            "min": 0.0002938234174434769,
            "max": 0.0002995224924668615,
            "count": 13
        },
        "FighterBehavior.Policy.LearningRate.sum": {
            "value": 0.0002938234174434769,
            "min": 0.0002938234174434769,
            "max": 0.0002995224924668615,
            "count": 13
        },
        "FighterBehavior.Policy.Epsilon.mean": {
            "value": 0.1979411384615384,
            "min": 0.1979411384615384,
            "max": 0.1998408307692308,
            "count": 13
        },
        "FighterBehavior.Policy.Epsilon.sum": {
            "value": 0.1979411384615384,
            "min": 0.1979411384615384,
            "max": 0.1998408307692308,
            "count": 13
        },
        "FighterBehavior.Policy.Beta.mean": {
            "value": 0.0048972628092307695,