{
    "name": "root",
    "metadata": {
        "timer_format_version": "0.1.0",
        "start_time_seconds": "1776790520",
        "python_version": "3.10.3 (tags/v3.10.3:a342a49, Mar 16 2022, 13:07:40) [MSC v.1929 64 bit (AMD64)]",
        "command_line_arguments": "C:\\Users\\alant\\Desktop\\NewAI\\Sword-fighting AI\\.venv_export\\Scripts\\mlagents-learn .\\Assets\\training\\auto_balance.yaml --run-id=AutoBalancerAgent --resume",
        "mlagents_version": "0.30.0",
        "mlagents_envs_version": "0.30.0",
        "communication_protocol_version": "1.5.0",
        "pytorch_version": "2.11.0+cpu",
        "numpy_version": "1.21.2",
        "end_time_seconds": "1776791939"
    },
    "total": 1418.3764681999965,
    "count": 1,
    "self": 0.0036792000028071925,
    "children": {
        "run_training.setup": {
            "total": 0.0825018999967142,
            "count": 1,
            "self": 0.0825018999967142
        },
        "TrainerController.start_learning": {
            "total": 1418.290287099997,
            "count": 1,
            "self": 0.004034699988551438,
            "children": {
                "TrainerController._reset_env": {
                    "total": 19.19838420000451,
                    "count": 1,
                    "self": 19.19838420000451
                },
                "TrainerController.advance": {
                    "total": 1396.4780629000088,
                    "count": 233,
                    "self": 0.003380800044396892,
                    "children": {
                        "env_step": {
                            "total": 1396.250315399935,
                            "count": 233,
                            "self": 1396.1255956998575,
                            "children": {
                                "SubprocessEnvManager._take_step": {
                                    "total": 0.12227439994603628,
                                    "count": 233,
                                    "self": 0.0070083999817143194,
                                    "children": {
                                        "TorchPolicy.evaluate": {
                                            "total": 0.11526599996432196,
                                            "count": 233,
                                            "self": 0.11526599996432196
                                        }
                                    }
                                },
                                "workers": {
                                    "total": 0.00244530013151234,
                                    "count": 232,
                                    "self": 0.0,
                                    "children": {
                                        "worker_root": {
                                            "total": 1394.5384775999628,
                                            "count": 232,
                                            "is_parallel": true,
                                            "self": 2.1160955000086688,
                                            "children": {
                                                "steps_from_proto": {
                                                    "total": 0.0002240999965579249,
                                                    "count": 1,
                                                    "is_parallel": true,
                                                    "self": 5.6400000175926834e-05,
                                                    "children": {
                                                        "_process_rank_one_or_two_observation": {
                                                            "total": 0.00016769999638199806,
                                                            "count": 2,
                                                            "is_parallel": true,
                                                            "self": 0.00016769999638199806
                                                        }
                                                    }
                                                },
                                                "UnityEnvironment.step": {
                                                    "total": 1392.4221579999576,
                                                    "count": 232,
                                                    "is_parallel": true,
                                                    "self": 1.570741399867984,
                                                    "children": {
                                                        "UnityEnvironment._generate_step_input": {
                                                            "total": 0.01452270004665479,
                                                            "count": 232,
                                                            "is_parallel": true,
                                                            "self": 0.01452270004665479
                                                        },
                                                        "communicator.exchange": {
                                                            "total": 1390.7896667999375,
                                                            "count": 232,
                                                            "is_parallel": true,
                                                            "self": 1390.7896667999375
                                                        },
                                                        "steps_from_proto": {
                                                            "total": 0.04722710010537412,
                                                            "count": 232,
                                                            "is_parallel": true,
                                                            "self": 0.015253100136760622,
                                                            "children": {
                                                                "_process_rank_one_or_two_observation": {
                                                                    "total": 0.0319739999686135,
                                                                    "count": 464,
                                                                    "is_parallel": true,
                                                                    "self": 0.0319739999686135
                                                                }
                                                            }
                                                        }
                                                    }
                                                }
                                            }
                                        }
                                    }
                                }
                            }
                        },
                        "trainer_advance": {
                            "total": 0.22436670002934989,
                            "count": 232,
                            "self": 0.002463600038026925,
                            "children": {
                                "process_trajectory": {
                                    "total": 0.22190309999132296,
                                    "count": 232,
                                    "self": 0.22190309999132296
                                }
                            }
                        }
                    }
                },
                "trainer_threads": {
                    "total": 6.999980541877449e-07,
                    "count": 1,
                    "self": 6.999980541877449e-07
                },
                "TrainerController._save_models": {
                    "total": 2.6098045999970054,
                    "count": 1,
                    "self": 0.01125829999364214,