{
    "name": "root",
    "gauges": {
        "FighterBehavior.Policy.Entropy.mean": {
            "value": 3.4029667377471924,
            "min": 3.2227039337158203,
            "max": 3.59617280960083,
            "count": 351
        },
        "FighterBehavior.Policy.Entropy.sum": {
            "value": 34009.25,
            "min": 32168.5,
            "max": 36163.11328125,
            "count": 351
        },
        "FighterBehavior.wall_penalties.mean": {
            "value": 1.0,
            "min": 1.0,
            "max": 1.0,
            "count": 351
        },
        "FighterBehavior.wall_penalties.sum": {
            "value": 134.0,
            "min": 120.0,
            "max": 1489.0,
            "count": 351
        },
        "FighterBehavior.Environment.EpisodeLength.mean": {
            "value": 299.1714285714286,
            "min": 46.53333333333333,
            "max": 812.1666666666666,
            "count": 351
        },
        "FighterBehavior.Environment.EpisodeLength.sum": {
            "value": 10471.0,
            "min": 8651.0,
            "max": 10994.0,
            "count": 351
        },
        "FighterBehavior.falls.mean": {
            "value": 1.0,
            "min": 1.0,
            "max": 1.0,
            "count": 351
        },
        "FighterBehavior.falls.sum": {
            "value": 11.0,
            "min": 3.0,
            "max": 65.0,
            "count": 351
        },
        "FighterBehavior.match_length_seconds.mean": {
            "value": 5.005208333333333,
            "min": 4.4140625,
            "max": 128.11111450195312,
            "count": 351
        },
        "FighterBehavior.match_length_seconds.sum": {
            "value": 30.03125,
            "min": 26.4375,
            "max": 406.66650390625,
            "count": 351
        },
        "FighterBehavior.Step.mean": {
            "value": 3509992.0,
            "min": 9976.0,
            "max": 3509992.0,
            "count": 351
        },
        "FighterBehavior.Step.sum": {
            "value": 3509992.0,
            "min": 9976.0,
            "max": 3509992.0,
            "count": 351
        },
        "FighterBehavior.Policy.ExtrinsicValueEstimate.mean": {
            "value": -0.3959846496582031,
            "min": -0.5520167946815491,
            "max": 0.06394758820533752,
            "count": 351
        },
        "FighterBehavior.Policy.ExtrinsicValueEstimate.sum": {
            "value": -68.90132904052734,
            "min": -140.652587890625,
            "max": 12.85346508026123,
            "count": 351
        },
        "FighterBehavior.Environment.CumulativeReward.mean": {
            "value": -0.5331108039095332,
            "min": -2.7559948346267142,
            "max": -0.37214423001830954,
            "count": 351
        },
        "FighterBehavior.Environment.CumulativeReward.sum": {
            "value": -18.658878136833664,
            "min": -105.17038599122316,
            "max": -12.317069047945552,
            "count": 351
        },
        "FighterBehavior.Policy.ExtrinsicReward.mean": {
            "value": -0.5331108039095332,
            "min": -2.7559948346267142,
            "max": -0.37214423001830954,
            "count": 351
        },
        "FighterBehavior.Policy.ExtrinsicReward.sum": {
            "value": -18.658878136833664,
            "min": -105.17038599122316,
            "max": -12.317069047945552,
            "count": 351
        },
        "FighterBehavior.episode_length.mean": {
            "value": 463.27272727272725,
            "min": 15.6875,
            "max": 557.8,
            "count": 346
        },
        "FighterBehavior.episode_length.sum": {
            "value": 5096.0,
            "min": 49.0,
            "max": 5578.0,
            "count": 346
        },
        "FighterBehavior.episode_reward.mean": {
            "value": -1.2873872030865063,
            "min": -3.5871431827545166,
            "max": -0.8600051403045654,
            "count": 346
        },
        "FighterBehavior.episode_reward.sum": {
            "value": -14.161259233951569,
            "min": -59.958359599113464,
            "max": -1.7200102806091309,
            "count": 346
        },
        "FighterBehavior.losses.mean": {
            "value": 1.0,
            "min": 1.0,
            "max": 1.0,
            "count": 346
        },
        "FighterBehavior.losses.sum": {
            "value": 6.0,
            "min": 1.0,
            "max": 24.0,
            "count": 346
        },
        "FighterBehavior.episode_env_steps.mean": {
            "value": 463.27272727272725,
            "min": 15.6875,
            "max": 557.8,
            "count": 346
        },
        "FighterBehavior.episode_env_steps.sum": {
            "value": 5096.0,
            "min": 49.0,
            "max": 5578.0,
            "count": 346
        },
        "FighterBehavior.episode_seconds.mean": {
            "value": 0.9261363636363636,
            "min": 0.3125,
            "max": 2.322265625,
            "count": 346
        },
        "FighterBehavior.episode_seconds.sum": {
            "value": 10.1875,
            "min": 0.9822998046875,
            "max": 33.98046875,
            "count": 346
        },
        "FighterBehavior.wins.mean": {
            "value": 1.0,
            "min": 1.0,
            "max": 1.0,
            "count": 337
        },
        "FighterBehavior.wins.sum": {
            "value": 5.0,
            "min": 1.0,
            "max": 18.0,
            "count": 337
        },
        "FighterBehavior.IsTraining.mean": {
            "value": 1.0,
            "min": 1.0,
            "max": 1.0,
            "count": 351
        },
        "FighterBehavior.IsTraining.sum": {
            "value": 1.0,
            "min": 1.0,
            "max": 1.0,
            "count": 351
        },
        "FighterBehavior.Losses.PolicyLoss.mean": {
            "value": 0.04477248307860767,
            "min": 0.03864853535196744,
            "max": 0.05862796039630969,
            "count": 341
        },
        "FighterBehavior.Losses.PolicyLoss.sum": {
            "value": 0.04477248307860767,
            "min": 0.03864853535196744,
            "max": 0.05862796039630969,
            "count": 341
        },
        "FighterBehavior.Losses.ValueLoss.mean": {
            "value": 0.05040167074960967,
            "min": 0.026760742095454284,
            "max": 0.3214887299885352,
            "count": 341
        },
        "FighterBehavior.Losses.ValueLoss.sum": {
            "value": 0.05040167074960967,
            "min": 0.026760742095454284,
            "max": 0.3214887299885352,
            "count": 341
        },
        "FighterBehavior.Policy.LearningRate.mean": {
            "value": 0.00010857071835523631,
            "min": 0.00010857071835523631,
            "max": 0.00029943840018720007,
            "count": 341
        },
        "FighterBehavior.Policy.LearningRate.sum": {
            "value": 0.00010857071835523631,
            "min": 0.00010857071835523631,
            "max": 0.00029943840018720007,
            "count": 341
        },
        "FighterBehavior.Policy.Epsilon.mean": {
            "value": 0.13619021818181817,
            "min": 0.13619021818181817,
            "max": 0.19981280000000007,
            "count": 341
        },
        "FighterBehavior.Policy.Epsilon.sum": {
            "value": 0.13619021818181817,
            "min": 0.13619021818181817,
            "max": 0.19981280000000007,
            "count": 341
        },
        "FighterBehavior.Policy.Beta.mean": {
            "value": 0.0018158918872727273,
            "min": 0.0018158918872727273,
            "max": 0.00499065872,
            "count": 341
        },
        "FighterBehavior.Policy.Beta.sum": {
            "value": 0.0018158918872727273,
            "min": 0.0018158918872727273,
            "max": 0.00499065872,
            "count": 341
        }
    },