{
    "name": "root",
    "gauges": {
        "AutoBalancerAgent.Policy.Entropy.mean": {
            "value": 1.4189382791519165,
            "min": 1.4189382791519165,
            "max": 1.4189385175704956,
            "count": 7
        },
        "AutoBalancerAgent.Policy.Entropy.sum": {
            "value": 1418.938232421875,
            "min": 1013.1221313476562,
            "max": 1418.938232421875,
            "count": 7
        },
        "AutoBalancerAgent.Environment.EpisodeLength.mean": {
            "value": 0.0,
            "min": 0.0,
            "max": 0.0,
            "count": 7
        },
        "AutoBalancerAgent.Environment.EpisodeLength.sum": {
            "value": 0.0,
            "min": 0.0,
            "max": 0.0,
            "count": 7
        },
        "AutoBalancerAgent.wall_penalties.mean": {
            "value": 1.0,
            "min": 1.0,
            "max": 1.0,
            "count": 7
        },
        "AutoBalancerAgent.wall_penalties.sum": {
            "value": 617227.0,
            "min": 441131.0,
            "max": 633048.0,
            "count": 7
        },
        "AutoBalancerAgent.match_length_seconds.mean": {
            "value": 9.183783333333333,
            "min": 9.1121375,
            "max": 9.652883333333333,
            "count": 7
        },
        "AutoBalancerAgent.match_length_seconds.sum": {
            "value": 137756.75,
            "min": 102386.03034734726,
            "max": 144793.25,
            "count": 7
        },
        "AutoBalancerAgent.win_count.P2.mean": {
            "value": 44399.65179562303,
            "min": 2566.0250112518484,
            "max": 44399.65179562303,
            "count": 7
        },
        "AutoBalancerAgent.win_count.P2.sum": {
            "value": 1000190956.0,
            "min": 39909387.0,
            "max": 1000190956.0,
            "count": 7
        },
        "AutoBalancerAgent.loss_count.P1.mean": {
            "value": 1.0,
            "min": 1.0,
            "max": 1.0,
            "count": 7
        },
        "AutoBalancerAgent.loss_count.P1.sum": {
            "value": 7527.0,
            "min": 4843.0,
            "max": 7741.0,
            "count": 7
        },
        "AutoBalancerAgent.win_rate.P1.mean": {
            "value": 0.5241913111885389,
            "min": 0.4897100967428987,
            "max": 0.5646405837376912,
            "count": 7
        },
        "AutoBalancerAgent.win_rate.P1.sum": {
            "value": 7862.869667828083,
            "min": 5244.795136116445,
            "max": 8469.608756065369,
            "count": 7
        },
        "AutoBalancerAgent.win_rate.P2.mean": {
            "value": 0.47580868914723395,
            "min": 0.4353594162305196,
            "max": 0.5102899036821531,
            "count": 7
        },
        "AutoBalancerAgent.win_rate.P2.sum": {
            "value": 7137.130337208509,
            "min": 5465.20486843586,
            "max": 7189.435845702887,
            "count": 7
        },
        "AutoBalancerAgent.win_count.P1.mean": {
            "value": 48811.21234370133,
            "min": 2798.5487120709417,
            "max": 48811.21234370133,
            "count": 7
        },
        "AutoBalancerAgent.win_count.P1.sum": {
            "value": 1096934375.0,
            "min": 46391542.0,
            "max": 1096934375.0,
            "count": 7
        },
        "AutoBalancerAgent.matches.total.mean": {
            "value": 93210.5,
            "min": 5355.5,
            "max": 93210.5,
            "count": 7
        },
        "AutoBalancerAgent.matches.total.sum": {
            "value": 1398157500.0,
            "min": 57357405.0,
            "max": 1398157500.0,
            "count": 7
        },
        "AutoBalancerAgent.falls.mean": {
            "value": 1.0,
            "min": 1.0,
            "max": 1.0,
            "count": 7
        },
        "AutoBalancerAgent.falls.sum": {
            "value": 16498.0,
            "min": 13022.0,
            "max": 18685.0,
            "count": 7
        },
        "AutoBalancerAgent.loss_count.P2.mean": {
            "value": 1.0,
            "min": 1.0,
            "max": 1.0,
            "count": 7
        },
        "AutoBalancerAgent.loss_count.P2.sum": {
            "value": 7473.0,
            "min": 5867.0,
            "max": 8478.0,
            "count": 7
        },
        "AutoBalancerAgent.episode_length.mean": {
            "value": 24.932867132867134,
            "min": 24.074291968805582,
            "max": 24.932867132867134,
            "count": 7
        },
        "AutoBalancerAgent.episode_length.sum": {
            "value": 231751.0,
            "min": 175959.0,
            "max": 252081.0,
            "count": 7
        },
        "AutoBalancerAgent.episode_reward.mean": {
            "value": -1.6568177961995358,
            "min": -1.8661248035671218,
            "max": -1.5415496217033302,
            "count": 7
        },
        "AutoBalancerAgent.episode_reward.sum": {
            "value": -15400.121415674686,
            "min": -19514.067070901394,
            "max": -12113.73287665844,
            "count": 7
        },
        "AutoBalancerAgent.wins.mean": {
            "value": 1.0,
            "min": 1.0,
            "max": 1.0,
            "count": 7
        },
        "AutoBalancerAgent.wins.sum": {
            "value": 3311.0,
            "min": 2614.0,
            "max": 3743.0,
            "count": 7
        },
        "AutoBalancerAgent.episode_env_steps.mean": {
            "value": 24.932867132867134,
            "min": 24.074291968805582,
            "max": 24.932867132867134,
            "count": 7
        },
        "AutoBalancerAgent.episode_env_steps.sum": {
            "value": 231751.0,
            "min": 175959.0,
            "max": 252081.0,
            "count": 7
        },
        "AutoBalancerAgent.episode_seconds.mean": {
            "value": 0.5001815492200108,
            "min": 0.4823022295176404,
            "max": 0.5001815492200108,
            "count": 7
        },
        "AutoBalancerAgent.episode_seconds.sum": {
            "value": 4649.1875,
            "min": 3525.1469955444336,
            "max": 5045.9296875,
            "count": 7
        },
        "AutoBalancerAgent.losses.mean": {
            "value": 1.0,
            "min": 1.0,
            "max": 1.0,
            "count": 7
        },
        "AutoBalancerAgent.losses.sum": {
            "value": 5984.0,
            "min": 4695.0,
            "max": 6715.0,
            "count": 7
        },
        "AutoBalancerAgent.Step.mean": {
            "value": 10999.0,
            "min": 4999.0,
            "max": 10999.0,
            "count": 7
        },
        "AutoBalancerAgent.Step.sum": {
            "value": 10999.0,
            "min": 4999.0,
            "max": 10999.0,
            "count": 7
        },
        "AutoBalancerAgent.Policy.ExtrinsicValueEstimate.mean": {
            "value": -0.15718473494052887,
            "min": -0.22320157289505005,
            "max": -0.1544443666934967,
            "count": 7
        },
        "AutoBalancerAgent.Policy.ExtrinsicValueEstimate.sum": {
            "value": -157.1847381591797,
            "min": -223.20156860351562,
            "max": -135.824951171875,
            "count": 7
        },
        "AutoBalancerAgent.Environment.CumulativeReward.mean": {
            "value": 0.6723684963919222,
            "min": 0.5765707133915275,
            "max": 0.7674352703709155,
            "count": 7
        },
        "AutoBalancerAgent.Environment.CumulativeReward.sum": {
            "value": 672.3684963919222,
            "min": 461.48124714009464,
            "max": 767.4352703709155,
            "count": 7
        },
        "AutoBalancerAgent.Policy.ExtrinsicReward.mean": {
            "value": 0.6723684963919222,
            "min": 0.5765707133915275,
            "max": 0.7674352703709155,
            "count": 7
        },